"ID","RSU Code","SDU Billing Rates","Circle","GST State","ID (Rsu Items)","Item (Rsu Items)","Plan FAT (Rsu Items)","Plan Fibre length (Rsu Items)","Plan HP (Rsu Items)"
"","0BT-0","KTK 1 Year Fix","KTK","","","SER-FSDU-CFT-6F",7,0,56
"","","","","","","SER-FSDU-CFT-12F",7,0,56
"","","","","","","SER-FSDU-CFT-24F",7,0,56
"","","","","","","SER-FSDU-CFT-48F",7,0,56
"","0CN-0","KTK 1 Year Fix","KTK","","","SER-FSDU-CFT-6F",302,0,2520
"","","","","","","SER-FSDU-CFT-12F",302,0,2520
"","","","","","","SER-FSDU-CFT-24F",302,0,2520
"","","","","","","SER-FSDU-CFT-48F",302,0,2520
"","0CX-0","KTK 1 Year Fix","KTK","","","SER-FSDU-CFT-6F",136,0,1168
"","","","","","","SER-FSDU-CFT-12F",136,0,1168
"","","","","","","SER-FSDU-CFT-24F",136,0,1168
"","","","","","","SER-FSDU-CFT-48F",136,0,1168
"","0MB-0","KTK 1 Year Fix","KTK","","","SER-FSDU-CFT-6F",29,0,344
"","","","","","","SER-FSDU-CFT-12F",29,0,344
"","","","","","","SER-FSDU-CFT-24F",29,0,344
"","","","","","","SER-FSDU-CFT-48F",29,0,344
"","0SK-0","KTK 1 Year Fix","KTK","","","SER-FSDU-CFT-6F",35,0,280
"","","","","","","SER-FSDU-CFT-12F",35,0,280
"","","","","","","SER-FSDU-CFT-24F",35,0,280
"","","","","","","SER-FSDU-CFT-48F",35,0,280
"","0SQ-0","KTK 1 Year Fix","KTK","","","SER-FSDU-CFT-6F",332,0,2856
"","","","","","","SER-FSDU-CFT-12F",332,0,2856
"","","","","","","SER-FSDU-CFT-24F",332,0,2856
"","","","","","","SER-FSDU-CFT-48F",332,0,2856
"","0TI-0","KTK 1 Year Fix","KTK","","","SER-FSDU-CFT-6F",60,0,584
"","","","","","","SER-FSDU-CFT-12F",60,0,584
"","","","","","","SER-FSDU-CFT-24F",60,0,584
"","","","","","","SER-FSDU-CFT-48F",60,0,584
"","0YN-0","KTK 1 Year Fix","KTK","","","SER-FSDU-CFT-6F",189,0,1512
"","","","","","","SER-FSDU-CFT-12F",189,0,1512
"","","","","","","SER-FSDU-CFT-24F",189,0,1512
"","","","","","","SER-FSDU-CFT-48F",189,0,1512
"","2OL-0","KTK 1 Year Fix","KTK","","","SER-FSDU-CFT-6F",184,0,2336
"","","","","","","SER-FSDU-CFT-12F",184,0,2336
"","","","","","","SER-FSDU-CFT-24F",184,0,2336
"","","","","","","SER-FSDU-CFT-48F",184,0,2336
"","2PG-0","KTK 1 Year Fix","KTK","","","SER-FSDU-CFT-6F",317,0,2920
"","","","","","","SER-FSDU-CFT-12F",317,0,2920
"","","","","","","SER-FSDU-CFT-24F",317,0,2920
"","","","","","","SER-FSDU-CFT-48F",317,0,2920
"","2UM-0","KTK 1 Year Fix","KTK","","","SER-FSDU-CFT-6F",254,0,2192
"","","","","","","SER-FSDU-CFT-12F",254,0,2192
"","","","","","","SER-FSDU-CFT-24F",254,0,2192
"","","","","","","SER-FSDU-CFT-48F",254,0,2192
"","2VE-0","KTK 1 Year Fix","KTK","","","SER-FSDU-CFT-6F",199,0,1656
"","","","","","","SER-FSDU-CFT-12F",199,0,1656
"","","","","","","SER-FSDU-CFT-24F",199,0,1656
"","","","","","","SER-FSDU-CFT-48F",199,0,1656
"","ADL-0","KTK 1 Year Fix","KTK","","","SER-FSDU-CFT-6F",344,0,3298
"","","","","","","SER-FSDU-CFT-12F",344,0,3298
"","","","","","","SER-FSDU-CFT-24F",344,0,3298
"","","","","","","SER-FSDU-CFT-48F",344,0,3298
"","AEM-0","KTK 1 Year Fix","KTK","","","SER-FSDU-CFT-6F",154,0,2312
"","","","","","","SER-FSDU-CFT-12F",154,0,2312
"","","","","","","SER-FSDU-CFT-24F",154,0,2312
"","","","","","","SER-FSDU-CFT-48F",154,0,2312
"","AES-0","KTK 1 Year Fix","KTK","","","SER-FSDU-CFT-6F",59,0,982
"","","","","","","SER-FSDU-CFT-12F",59,0,982
"","","","","","","SER-FSDU-CFT-24F",59,0,982
"","","","","","","SER-FSDU-CFT-48F",59,0,982
"","AGZ-0","KTK 1 Year Fix","KTK","","","SER-FSDU-CFT-6F",342,0,2816
"","","","","","","SER-FSDU-CFT-12F",342,0,2816
"","","","","","","SER-FSDU-CFT-24F",342,0,2816
"","","","","","","SER-FSDU-CFT-48F",342,0,2816
"","AHR-0","KTK 1 Year Fix","KTK","","","SER-FSDU-CFT-6F",305,0,3012
"","","","","","","SER-FSDU-CFT-12F",305,0,3012
"","","","","","","SER-FSDU-CFT-24F",305,0,3012
"","","","","","","SER-FSDU-CFT-48F",305,0,3012
"","AIJ-0","KTK 1 Year Fix","KTK","","","SER-FSDU-CFT-6F",413,0,3660
"","","","","","","SER-FSDU-CFT-12F",413,0,3660
"","","","","","","SER-FSDU-CFT-24F",413,0,3660
"","","","","","","SER-FSDU-CFT-48F",413,0,3660
"","AJL-0","KTK 1 Year Fix","KTK","","","SER-FSDU-CFT-6F",175,0,1600
"","","","","","","SER-FSDU-CFT-12F",175,0,1600
"","","","","","","SER-FSDU-CFT-24F",175,0,1600
"","","","","","","SER-FSDU-CFT-48F",175,0,1600
"","AKG-0","KTK 1 Year Fix","KTK","","","SER-FSDU-CFT-6F",197,0,2032
"","","","","","","SER-FSDU-CFT-12F",197,0,2032
"","","","","","","SER-FSDU-CFT-24F",197,0,2032
"","","","","","","SER-FSDU-CFT-48F",197,0,2032
"","ALN-0","KTK 1 Year Fix","KTK","","","SER-FSDU-CFT-6F",142,0,1272
"","","","","","","SER-FSDU-CFT-12F",142,0,1272
"","","","","","","SER-FSDU-CFT-24F",142,0,1272
"","","","","","","SER-FSDU-CFT-48F",142,0,1272
"","ALR-0","KTK 1 Year Fix","KTK","","","SER-FSDU-CFT-6F",363,0,3296
"","","","","","","SER-FSDU-CFT-12F",363,0,3296
"","","","","","","SER-FSDU-CFT-24F",363,0,3296
"","","","","","","SER-FSDU-CFT-48F",363,0,3296
"","ALY-0","KTK 1 Year Fix","KTK","","","SER-FSDU-CFT-6F",329,0,2984
"","","","","","","SER-FSDU-CFT-12F",329,0,2984
"","","","","","","SER-FSDU-CFT-24F",329,0,2984
"","","","","","","SER-FSDU-CFT-48F",329,0,2984
"","AMT-0","KTK 1 Year Fix","KTK","","","SER-FSDU-CFT-6F",315,0,2960
"","","","","","","SER-FSDU-CFT-12F",315,0,2960
"","","","","","","SER-FSDU-CFT-24F",315,0,2960
"","","","","","","SER-FSDU-CFT-48F",315,0,2960
"","ANN-0","KTK 1 Year Fix","KTK","","","SER-FSDU-CFT-6F",167,0,1408
"","","","","","","SER-FSDU-CFT-12F",167,0,1408
"","","","","","","SER-FSDU-CFT-24F",167,0,1408
"","","","","","","SER-FSDU-CFT-48F",167,0,1408
"","ANP-0","KTK 1 Year Fix","KTK","","","SER-FSDU-CFT-6F",206,0,2064
"","","","","","","SER-FSDU-CFT-12F",206,0,2064
"","","","","","","SER-FSDU-CFT-24F",206,0,2064
"","","","","","","SER-FSDU-CFT-48F",206,0,2064
"","BAK-0","KTK 1 Year Fix","KTK","","","SER-FSDU-CFT-6F",513,0,4432
"","","","","","","SER-FSDU-CFT-12F",513,0,4432
"","","","","","","SER-FSDU-CFT-24F",513,0,4432
"","","","","","","SER-FSDU-CFT-48F",513,0,4432
"","BAS-0","KTK 1 Year Fix","KTK","","","SER-FSDU-CFT-6F",84,0,672
"","","","","","","SER-FSDU-CFT-12F",84,0,672
"","","","","","","SER-FSDU-CFT-24F",84,0,672
"","","","","","","SER-FSDU-CFT-48F",84,0,672
"","BBV-0","KTK 1 Year Fix","KTK","","","SER-FSDU-CFT-6F",103,0,1614
"","","","","","","SER-FSDU-CFT-12F",103,0,1614
"","","","","","","SER-FSDU-CFT-24F",103,0,1614
"","","","","","","SER-FSDU-CFT-48F",103,0,1614
"","BCU-0","KTK 1 Year Fix","KTK","","","SER-FSDU-CFT-6F",368,0,3056
"","","","","","","SER-FSDU-CFT-12F",368,0,3056
"","","","","","","SER-FSDU-CFT-24F",368,0,3056
"","","","","","","SER-FSDU-CFT-48F",368,0,3056
"","BDN-0","KTK 1 Year Fix","KTK","","","SER-FSDU-CFT-6F",313,0,2864
"","","","","","","SER-FSDU-CFT-12F",313,0,2864
"","","","","","","SER-FSDU-CFT-24F",313,0,2864
"","","","","","","SER-FSDU-CFT-48F",313,0,2864
"","BFD-0","KTK 1 Year Fix","KTK","","","SER-FSDU-CFT-6F",145,0,2582
"","","","","","","SER-FSDU-CFT-12F",145,0,2582
"","","","","","","SER-FSDU-CFT-24F",145,0,2582
"","","","","","","SER-FSDU-CFT-48F",145,0,2582
"","BGD-0","KTK 1 Year Fix","KTK","","","SER-FSDU-CFT-6F",196,0,1928
"","","","","","","SER-FSDU-CFT-12F",196,0,1928
"","","","","","","SER-FSDU-CFT-24F",196,0,1928
"","","","","","","SER-FSDU-CFT-48F",196,0,1928
"","BGI-0","KTK 1 Year Fix","KTK","","","SER-FSDU-CFT-6F",164,0,1832
"","","","","","","SER-FSDU-CFT-12F",164,0,1832
"","","","","","","SER-FSDU-CFT-24F",164,0,1832
"","","","","","","SER-FSDU-CFT-48F",164,0,1832
"","BLK-0","KTK 1 Year Fix","KTK","","","SER-FSDU-CFT-6F",11,0,260
"","","","","","","SER-FSDU-CFT-12F",11,0,260
"","","","","","","SER-FSDU-CFT-24F",11,0,260
"","","","","","","SER-FSDU-CFT-48F",11,0,260
"","BMW-0","KTK 1 Year Fix","KTK","","","SER-FSDU-CFT-6F",215,0,1896
"","","","","","","SER-FSDU-CFT-12F",215,0,1896
"","","","","","","SER-FSDU-CFT-24F",215,0,1896
"","","","","","","SER-FSDU-CFT-48F",215,0,1896
"","BRW-0","KTK 1 Year Fix","KTK","","","SER-FSDU-CFT-6F",71,0,792
"","","","","","","SER-FSDU-CFT-12F",71,0,792
"","","","","","","SER-FSDU-CFT-24F",71,0,792
"","","","","","","SER-FSDU-CFT-48F",71,0,792
"","BSP-0","KTK 1 Year Fix","KTK","","","SER-FSDU-CFT-6F",143,0,1200
"","","","","","","SER-FSDU-CFT-12F",143,0,1200
"","","","","","","SER-FSDU-CFT-24F",143,0,1200
"","","","","","","SER-FSDU-CFT-48F",143,0,1200
"","BSR-0","KTK 1 Year Fix","KTK","","","SER-FSDU-CFT-6F",247,0,2096
"","","","","","","SER-FSDU-CFT-12F",247,0,2096
"","","","","","","SER-FSDU-CFT-24F",247,0,2096
"","","","","","","SER-FSDU-CFT-48F",247,0,2096
"","BZL-0","KTK 1 Year Fix","KTK","","","SER-FSDU-CFT-6F",52,0,520
"","","","","","","SER-FSDU-CFT-12F",52,0,520
"","","","","","","SER-FSDU-CFT-24F",52,0,520
"","","","","","","SER-FSDU-CFT-48F",52,0,520
"","CDS-0","KTK 1 Year Fix","KTK","","","SER-FSDU-CFT-6F",100,0,864
"","","","","","","SER-FSDU-CFT-12F",100,0,864
"","","","","","","SER-FSDU-CFT-24F",100,0,864
"","","","","","","SER-FSDU-CFT-48F",100,0,864
"","CHT-0","KTK 1 Year Fix","KTK","","","SER-FSDU-CFT-6F",191,0,1608
"","","","","","","SER-FSDU-CFT-12F",191,0,1608
"","","","","","","SER-FSDU-CFT-24F",191,0,1608
"","","","","","","SER-FSDU-CFT-48F",191,0,1608
"","CIL-0","KTK 1 Year Fix","KTK","","","SER-FSDU-CFT-6F",237,0,2400
"","","","","","","SER-FSDU-CFT-12F",237,0,2400
"","","","","","","SER-FSDU-CFT-24F",237,0,2400
"","","","","","","SER-FSDU-CFT-48F",237,0,2400
"","CJR-0","KTK 1 Year Fix","KTK","","","SER-FSDU-CFT-6F",218,0,1936
"","","","","","","SER-FSDU-CFT-12F",218,0,1936
"","","","","","","SER-FSDU-CFT-24F",218,0,1936
"","","","","","","SER-FSDU-CFT-48F",218,0,1936
"","CLG-0","KTK 1 Year Fix","KTK","","","SER-FSDU-CFT-6F",681,0,5592
"","","","","","","SER-FSDU-CFT-12F",681,0,5592
"","","","","","","SER-FSDU-CFT-24F",681,0,5592
"","","","","","","SER-FSDU-CFT-48F",681,0,5592
"","CMH-0","KTK 1 Year Fix","KTK","","","SER-FSDU-CFT-6F",302,0,2776
"","","","","","","SER-FSDU-CFT-12F",302,0,2776
"","","","","","","SER-FSDU-CFT-24F",302,0,2776
"","","","","","","SER-FSDU-CFT-48F",302,0,2776
"","CMR-0","KTK 1 Year Fix","KTK","","","SER-FSDU-CFT-6F",216,0,2000
"","","","","","","SER-FSDU-CFT-12F",216,0,2000
"","","","","","","SER-FSDU-CFT-24F",216,0,2000
"","","","","","","SER-FSDU-CFT-48F",216,0,2000
"","CNH-0","KTK 1 Year Fix","KTK","","","SER-FSDU-CFT-6F",59,0,664
"","","","","","","SER-FSDU-CFT-12F",59,0,664
"","","","","","","SER-FSDU-CFT-24F",59,0,664
"","","","","","","SER-FSDU-CFT-48F",59,0,664
"","CTO-0","KTK 1 Year Fix","KTK","","","SER-FSDU-CFT-6F",272,0,2176
"","","","","","","SER-FSDU-CFT-12F",272,0,2176
"","","","","","","SER-FSDU-CFT-24F",272,0,2176
"","","","","","","SER-FSDU-CFT-48F",272,0,2176
"","DHL-0","KTK 1 Year Fix","KTK","","","SER-FSDU-CFT-6F",302,0,2976
"","","","","","","SER-FSDU-CFT-12F",302,0,2976
"","","","","","","SER-FSDU-CFT-24F",302,0,2976
"","","","","","","SER-FSDU-CFT-48F",302,0,2976
"","DLW-0","KTK 1 Year Fix","KTK","","","SER-FSDU-CFT-6F",107,0,920
"","","","","","","SER-FSDU-CFT-12F",107,0,920
"","","","","","","SER-FSDU-CFT-24F",107,0,920
"","","","","","","SER-FSDU-CFT-48F",107,0,920
"","DLZ-0","KTK 1 Year Fix","KTK","","","SER-FSDU-CFT-6F",172,0,1512
"","","","","","","SER-FSDU-CFT-12F",172,0,1512
"","","","","","","SER-FSDU-CFT-24F",172,0,1512
"","","","","","","SER-FSDU-CFT-48F",172,0,1512
"","DRK-0","KTK 1 Year Fix","KTK","","","SER-FSDU-CFT-6F",139,0,1112
"","","","","","","SER-FSDU-CFT-12F",139,0,1112
"","","","","","","SER-FSDU-CFT-24F",139,0,1112
"","","","","","","SER-FSDU-CFT-48F",139,0,1112
"","DRR-0","KTK 1 Year Fix","KTK","","","SER-FSDU-CFT-6F",296,0,3199
"","","","","","","SER-FSDU-CFT-12F",296,0,3199
"","","","","","","SER-FSDU-CFT-24F",296,0,3199
"","","","","","","SER-FSDU-CFT-48F",296,0,3199
"","DSR-0","KTK 1 Year Fix","KTK","","","SER-FSDU-CFT-6F",182,0,1560
"","","","","","","SER-FSDU-CFT-12F",182,0,1560
"","","","","","","SER-FSDU-CFT-24F",182,0,1560
"","","","","","","SER-FSDU-CFT-48F",182,0,1560
"","DTT-0","KTK 1 Year Fix","KTK","","","SER-FSDU-CFT-6F",359,0,3096
"","","","","","","SER-FSDU-CFT-12F",359,0,3096
"","","","","","","SER-FSDU-CFT-24F",359,0,3096
"","","","","","","SER-FSDU-CFT-48F",359,0,3096
"","EJP-0","KTK 1 Year Fix","KTK","","","SER-FSDU-CFT-6F",320,0,3533
"","","","","","","SER-FSDU-CFT-12F",320,0,3533
"","","","","","","SER-FSDU-CFT-24F",320,0,3533
"","","","","","","SER-FSDU-CFT-48F",320,0,3533
"","EMI-0","KTK 1 Year Fix","KTK","","","SER-FSDU-CFT-6F",97,0,920
"","","","","","","SER-FSDU-CFT-12F",97,0,920
"","","","","","","SER-FSDU-CFT-24F",97,0,920
"","","","","","","SER-FSDU-CFT-48F",97,0,920
"","EMR-0","KTK 1 Year Fix","KTK","","","SER-FSDU-CFT-6F",405,0,3800
"","","","","","","SER-FSDU-CFT-12F",405,0,3800
"","","","","","","SER-FSDU-CFT-24F",405,0,3800
"","","","","","","SER-FSDU-CFT-48F",405,0,3800
"","ENL-0","KTK 1 Year Fix","KTK","","","SER-FSDU-CFT-6F",350,0,2880
"","","","","","","SER-FSDU-CFT-12F",350,0,2880
"","","","","","","SER-FSDU-CFT-24F",350,0,2880
"","","","","","","SER-FSDU-CFT-48F",350,0,2880
"","EPR-0","KTK 1 Year Fix","KTK","","","SER-FSDU-CFT-6F",259,0,3248
"","","","","","","SER-FSDU-CFT-12F",259,0,3248
"","","","","","","SER-FSDU-CFT-24F",259,0,3248
"","","","","","","SER-FSDU-CFT-48F",259,0,3248
"","ESL-0","KTK 1 Year Fix","KTK","","","SER-FSDU-CFT-6F",48,0,568
"","","","","","","SER-FSDU-CFT-12F",48,0,568
"","","","","","","SER-FSDU-CFT-24F",48,0,568
"","","","","","","SER-FSDU-CFT-48F",48,0,568
"","EWL-0","KTK 1 Year Fix","KTK","","","SER-FSDU-CFT-6F",128,0,1200
"","","","","","","SER-FSDU-CFT-12F",128,0,1200
"","","","","","","SER-FSDU-CFT-24F",128,0,1200
"","","","","","","SER-FSDU-CFT-48F",128,0,1200
"","EWS-0","KTK 1 Year Fix","KTK","","","SER-FSDU-CFT-6F",373,0,4592
"","","","","","","SER-FSDU-CFT-12F",373,0,4592
"","","","","","","SER-FSDU-CFT-24F",373,0,4592
"","","","","","","SER-FSDU-CFT-48F",373,0,4592
"","FCE-0","KTK 1 Year Fix","KTK","","","SER-FSDU-CFT-6F",238,0,1960
"","","","","","","SER-FSDU-CFT-12F",238,0,1960
"","","","","","","SER-FSDU-CFT-24F",238,0,1960
"","","","","","","SER-FSDU-CFT-48F",238,0,1960
"","GBP-0","KTK 1 Year Fix","KTK","","","SER-FSDU-CFT-6F",380,0,3302
"","","","","","","SER-FSDU-CFT-12F",380,0,3302
"","","","","","","SER-FSDU-CFT-24F",380,0,3302
"","","","","","","SER-FSDU-CFT-48F",380,0,3302
"","GDH-0","KTK 1 Year Fix","KTK","","","SER-FSDU-CFT-6F",297,0,2736
"","","","","","","SER-FSDU-CFT-12F",297,0,2736
"","","","","","","SER-FSDU-CFT-24F",297,0,2736
"","","","","","","SER-FSDU-CFT-48F",297,0,2736
"","GDX-0","KTK 1 Year Fix","KTK","","","SER-FSDU-CFT-6F",425,0,3456
"","","","","","","SER-FSDU-CFT-12F",425,0,3456
"","","","","","","SER-FSDU-CFT-24F",425,0,3456
"","","","","","","SER-FSDU-CFT-48F",425,0,3456
"","GEH-0","KTK 1 Year Fix","KTK","","","SER-FSDU-CFT-6F",364,0,2976
"","","","","","","SER-FSDU-CFT-12F",364,0,2976
"","","","","","","SER-FSDU-CFT-24F",364,0,2976
"","","","","","","SER-FSDU-CFT-48F",364,0,2976
"","GEM-0","KTK 1 Year Fix","KTK","","","SER-FSDU-CFT-6F",242,0,1942
"","","","","","","SER-FSDU-CFT-12F",242,0,1942
"","","","","","","SER-FSDU-CFT-24F",242,0,1942
"","","","","","","SER-FSDU-CFT-48F",242,0,1942
"","GLU-0","KTK 1 Year Fix","KTK","","","SER-FSDU-CFT-6F",247,0,2232
"","","","","","","SER-FSDU-CFT-12F",247,0,2232
"","","","","","","SER-FSDU-CFT-24F",247,0,2232
"","","","","","","SER-FSDU-CFT-48F",247,0,2232
"","GRZ-0","KTK 1 Year Fix","KTK","","","SER-FSDU-CFT-6F",348,0,2808
"","","","","","","SER-FSDU-CFT-12F",348,0,2808
"","","","","","","SER-FSDU-CFT-24F",348,0,2808
"","","","","","","SER-FSDU-CFT-48F",348,0,2808
"","GVM-0","KTK 1 Year Fix","KTK","","","SER-FSDU-CFT-6F",411,0,3344
"","","","","","","SER-FSDU-CFT-12F",411,0,3344
"","","","","","","SER-FSDU-CFT-24F",411,0,3344
"","","","","","","SER-FSDU-CFT-48F",411,0,3344
"","GZM-0","KTK 1 Year Fix","KTK","","","SER-FSDU-CFT-6F",235,0,2040
"","","","","","","SER-FSDU-CFT-12F",235,0,2040
"","","","","","","SER-FSDU-CFT-24F",235,0,2040
"","","","","","","SER-FSDU-CFT-48F",235,0,2040
"","HAA-0","KTK 1 Year Fix","KTK","","","SER-FSDU-CFT-6F",27,0,224
"","","","","","","SER-FSDU-CFT-12F",27,0,224
"","","","","","","SER-FSDU-CFT-24F",27,0,224
"","","","","","","SER-FSDU-CFT-48F",27,0,224
"","HBR-0","KTK 1 Year Fix","KTK","","","SER-FSDU-CFT-6F",375,0,3080
"","","","","","","SER-FSDU-CFT-12F",375,0,3080
"","","","","","","SER-FSDU-CFT-24F",375,0,3080
"","","","","","","SER-FSDU-CFT-48F",375,0,3080
"","HIS-0","KTK 1 Year Fix","KTK","","","SER-FSDU-CFT-6F",226,0,2128
"","","","","","","SER-FSDU-CFT-12F",226,0,2128
"","","","","","","SER-FSDU-CFT-24F",226,0,2128
"","","","","","","SER-FSDU-CFT-48F",226,0,2128
"","HKB-0","KTK 1 Year Fix","KTK","","","SER-FSDU-CFT-6F",352,0,3152
"","","","","","","SER-FSDU-CFT-12F",352,0,3152
"","","","","","","SER-FSDU-CFT-24F",352,0,3152
"","","","","","","SER-FSDU-CFT-48F",352,0,3152
"","HMM-0","KTK 1 Year Fix","KTK","","","SER-FSDU-CFT-6F",300,0,2748
"","","","","","","SER-FSDU-CFT-12F",300,0,2748
"","","","","","","SER-FSDU-CFT-24F",300,0,2748
"","","","","","","SER-FSDU-CFT-48F",300,0,2748
"","HNR-0","KTK 1 Year Fix","KTK","","","SER-FSDU-CFT-6F",170,0,1648
"","","","","","","SER-FSDU-CFT-12F",170,0,1648
"","","","","","","SER-FSDU-CFT-24F",170,0,1648
"","","","","","","SER-FSDU-CFT-48F",170,0,1648
"","HRJ-0","KTK 1 Year Fix","KTK","","","SER-FSDU-CFT-6F",323,0,2800
"","","","","","","SER-FSDU-CFT-12F",323,0,2800
"","","","","","","SER-FSDU-CFT-24F",323,0,2800
"","","","","","","SER-FSDU-CFT-48F",323,0,2800
"","HRR-0","KTK 1 Year Fix","KTK","","","SER-FSDU-CFT-6F",277,0,2216
"","","","","","","SER-FSDU-CFT-12F",277,0,2216
"","","","","","","SER-FSDU-CFT-24F",277,0,2216
"","","","","","","SER-FSDU-CFT-48F",277,0,2216
"","HRX-0","KTK 1 Year Fix","KTK","","","SER-FSDU-CFT-6F",149,0,1392
"","","","","","","SER-FSDU-CFT-12F",149,0,1392
"","","","","","","SER-FSDU-CFT-24F",149,0,1392
"","","","","","","SER-FSDU-CFT-48F",149,0,1392
"","HSR-0","KTK 1 Year Fix","KTK","","","SER-FSDU-CFT-6F",350,0,3511
"","","","","","","SER-FSDU-CFT-12F",350,0,3511
"","","","","","","SER-FSDU-CFT-24F",350,0,3511
"","","","","","","SER-FSDU-CFT-48F",350,0,3511
"","HTR-0","KTK 1 Year Fix","KTK","","","SER-FSDU-CFT-6F",263,0,2152
"","","","","","","SER-FSDU-CFT-12F",263,0,2152
"","","","","","","SER-FSDU-CFT-24F",263,0,2152
"","","","","","","SER-FSDU-CFT-48F",263,0,2152
"","HYS-0","KTK 1 Year Fix","KTK","","","SER-FSDU-CFT-6F",428,0,3766
"","","","","","","SER-FSDU-CFT-12F",428,0,3766
"","","","","","","SER-FSDU-CFT-24F",428,0,3766
"","","","","","","SER-FSDU-CFT-48F",428,0,3766
"","IDR-0","KTK 1 Year Fix","KTK","","","SER-FSDU-CFT-6F",319,0,3664
"","","","","","","SER-FSDU-CFT-12F",319,0,3664
"","","","","","","SER-FSDU-CFT-24F",319,0,3664
"","","","","","","SER-FSDU-CFT-48F",319,0,3664
"","IRD-0","KTK 1 Year Fix","KTK","","","SER-FSDU-CFT-6F",91,0,744
"","","","","","","SER-FSDU-CFT-12F",91,0,744
"","","","","","","SER-FSDU-CFT-24F",91,0,744
"","","","","","","SER-FSDU-CFT-48F",91,0,744
"","JBN-0","KTK 1 Year Fix","KTK","","","SER-FSDU-CFT-6F",71,0,656
"","","","","","","SER-FSDU-CFT-12F",71,0,656
"","","","","","","SER-FSDU-CFT-24F",71,0,656
"","","","","","","SER-FSDU-CFT-48F",71,0,656
"","JBV-0","KTK 1 Year Fix","KTK","","","SER-FSDU-CFT-6F",105,0,840
"","","","","","","SER-FSDU-CFT-12F",105,0,840
"","","","","","","SER-FSDU-CFT-24F",105,0,840
"","","","","","","SER-FSDU-CFT-48F",105,0,840
"","JBW-0","KTK 1 Year Fix","KTK","","","SER-FSDU-CFT-6F",140,0,1128
"","","","","","","SER-FSDU-CFT-12F",140,0,1128
"","","","","","","SER-FSDU-CFT-24F",140,0,1128
"","","","","","","SER-FSDU-CFT-48F",140,0,1128
"","JGP-0","KTK 1 Year Fix","KTK","","","SER-FSDU-CFT-6F",167,0,1568
"","","","","","","SER-FSDU-CFT-12F",167,0,1568
"","","","","","","SER-FSDU-CFT-24F",167,0,1568
"","","","","","","SER-FSDU-CFT-48F",167,0,1568
"","JRN-0","KTK 1 Year Fix","KTK","","","SER-FSDU-CFT-6F",649,0,5472
"","","","","","","SER-FSDU-CFT-12F",649,0,5472
"","","","","","","SER-FSDU-CFT-24F",649,0,5472
"","","","","","","SER-FSDU-CFT-48F",649,0,5472
"","JRO-0","KTK 1 Year Fix","KTK","","","SER-FSDU-CFT-6F",492,0,4505
"","","","","","","SER-FSDU-CFT-12F",492,0,4505
"","","","","","","SER-FSDU-CFT-24F",492,0,4505
"","","","","","","SER-FSDU-CFT-48F",492,0,4505
"","JUP-0","KTK 1 Year Fix","KTK","","","SER-FSDU-CFT-6F",235,0,2064
"","","","","","","SER-FSDU-CFT-12F",235,0,2064
"","","","","","","SER-FSDU-CFT-24F",235,0,2064
"","","","","","","SER-FSDU-CFT-48F",235,0,2064
"","JYU-0","KTK 1 Year Fix","KTK","","","SER-FSDU-CFT-6F",85,0,922
"","","","","","","SER-FSDU-CFT-12F",85,0,922
"","","","","","","SER-FSDU-CFT-24F",85,0,922
"","","","","","","SER-FSDU-CFT-48F",85,0,922
"","KHR-0","KTK 1 Year Fix","KTK","","","SER-FSDU-CFT-6F",363,0,3064
"","","","","","","SER-FSDU-CFT-12F",363,0,3064
"","","","","","","SER-FSDU-CFT-24F",363,0,3064
"","","","","","","SER-FSDU-CFT-48F",363,0,3064
"","KKR-0","KTK 1 Year Fix","KTK","","","SER-FSDU-CFT-6F",292,0,2480
"","","","","","","SER-FSDU-CFT-12F",292,0,2480
"","","","","","","SER-FSDU-CFT-24F",292,0,2480
"","","","","","","SER-FSDU-CFT-48F",292,0,2480
"","KLT-0","KTK 1 Year Fix","KTK","","","SER-FSDU-CFT-6F",311,0,2948
"","","","","","","SER-FSDU-CFT-12F",311,0,2948
"","","","","","","SER-FSDU-CFT-24F",311,0,2948
"","","","","","","SER-FSDU-CFT-48F",311,0,2948
"","KLU-0","KTK 1 Year Fix","KTK","","","SER-FSDU-CFT-6F",191,0,1576
"","","","","","","SER-FSDU-CFT-12F",191,0,1576
"","","","","","","SER-FSDU-CFT-24F",191,0,1576
"","","","","","","SER-FSDU-CFT-48F",191,0,1576
"","KR8-0","KTK 1 Year Fix","KTK","","","SER-FSDU-CFT-6F",173,0,1448
"","","","","","","SER-FSDU-CFT-12F",173,0,1448
"","","","","","","SER-FSDU-CFT-24F",173,0,1448
"","","","","","","SER-FSDU-CFT-48F",173,0,1448
"","KRL-0","KTK 1 Year Fix","KTK","","","SER-FSDU-CFT-6F",298,0,3028
"","","","","","","SER-FSDU-CFT-12F",298,0,3028
"","","","","","","SER-FSDU-CFT-24F",298,0,3028
"","","","","","","SER-FSDU-CFT-48F",298,0,3028
"","KRX-0","KTK 1 Year Fix","KTK","","","SER-FSDU-CFT-6F",142,0,1280
"","","","","","","SER-FSDU-CFT-12F",142,0,1280
"","","","","","","SER-FSDU-CFT-24F",142,0,1280
"","","","","","","SER-FSDU-CFT-48F",142,0,1280
"","KSL-0","KTK 1 Year Fix","KTK","","","SER-FSDU-CFT-6F",216,0,1848
"","","","","","","SER-FSDU-CFT-12F",216,0,1848
"","","","","","","SER-FSDU-CFT-24F",216,0,1848
"","","","","","","SER-FSDU-CFT-48F",216,0,1848
"","KUD-0","KTK 1 Year Fix","KTK","","","SER-FSDU-CFT-6F",81,0,686
"","","","","","","SER-FSDU-CFT-12F",81,0,686
"","","","","","","SER-FSDU-CFT-24F",81,0,686
"","","","","","","SER-FSDU-CFT-48F",81,0,686
"","LGD-0","KTK 1 Year Fix","KTK","","","SER-FSDU-CFT-6F",149,0,1648
"","","","","","","SER-FSDU-CFT-12F",149,0,1648
"","","","","","","SER-FSDU-CFT-24F",149,0,1648
"","","","","","","SER-FSDU-CFT-48F",149,0,1648
"","LGJ-0","KTK 1 Year Fix","KTK","","","SER-FSDU-CFT-6F",308,0,2512
"","","","","","","SER-FSDU-CFT-12F",308,0,2512
"","","","","","","SER-FSDU-CFT-24F",308,0,2512
"","","","","","","SER-FSDU-CFT-48F",308,0,2512
"","LKZ-0","KTK 1 Year Fix","KTK","","","SER-FSDU-CFT-6F",37,0,408
"","","","","","","SER-FSDU-CFT-12F",37,0,408
"","","","","","","SER-FSDU-CFT-24F",37,0,408
"","","","","","","SER-FSDU-CFT-48F",37,0,408
"","LYR-0","KTK 1 Year Fix","KTK","","","SER-FSDU-CFT-6F",370,0,2968
"","","","","","","SER-FSDU-CFT-12F",370,0,2968
"","","","","","","SER-FSDU-CFT-24F",370,0,2968
"","","","","","","SER-FSDU-CFT-48F",370,0,2968
"","MBN-0","KTK 1 Year Fix","KTK","","","SER-FSDU-CFT-6F",202,0,1632
"","","","","","","SER-FSDU-CFT-12F",202,0,1632
"","","","","","","SER-FSDU-CFT-24F",202,0,1632
"","","","","","","SER-FSDU-CFT-48F",202,0,1632
"","MDR-0","KTK 1 Year Fix","KTK","","","SER-FSDU-CFT-6F",256,0,2992
"","","","","","","SER-FSDU-CFT-12F",256,0,2992
"","","","","","","SER-FSDU-CFT-24F",256,0,2992
"","","","","","","SER-FSDU-CFT-48F",256,0,2992
"","MES-0","KTK 1 Year Fix","KTK","","","SER-FSDU-CFT-6F",143,0,1176
"","","","","","","SER-FSDU-CFT-12F",143,0,1176
"","","","","","","SER-FSDU-CFT-24F",143,0,1176
"","","","","","","SER-FSDU-CFT-48F",143,0,1176
"","MGS-0","KTK 1 Year Fix","KTK","","","SER-FSDU-CFT-6F",130,0,1040
"","","","","","","SER-FSDU-CFT-12F",130,0,1040
"","","","","","","SER-FSDU-CFT-24F",130,0,1040
"","","","","","","SER-FSDU-CFT-48F",130,0,1040
"","MHK-0","KTK 1 Year Fix","KTK","","","SER-FSDU-CFT-6F",99,0,792
"","","","","","","SER-FSDU-CFT-12F",99,0,792
"","","","","","","SER-FSDU-CFT-24F",99,0,792
"","","","","","","SER-FSDU-CFT-48F",99,0,792
"","MIT-0","KTK 1 Year Fix","KTK","","","SER-FSDU-CFT-6F",55,0,472
"","","","","","","SER-FSDU-CFT-12F",55,0,472
"","","","","","","SER-FSDU-CFT-24F",55,0,472
"","","","","","","SER-FSDU-CFT-48F",55,0,472
"","MKC-0","KTK 1 Year Fix","KTK","","","SER-FSDU-CFT-6F",201,0,2731
"","","","","","","SER-FSDU-CFT-12F",201,0,2731
"","","","","","","SER-FSDU-CFT-24F",201,0,2731
"","","","","","","SER-FSDU-CFT-48F",201,0,2731
"","MLE-0","KTK 1 Year Fix","KTK","","","SER-FSDU-CFT-6F",139,0,1152
"","","","","","","SER-FSDU-CFT-12F",139,0,1152
"","","","","","","SER-FSDU-CFT-24F",139,0,1152
"","","","","","","SER-FSDU-CFT-48F",139,0,1152
"","MLT-0","KTK 1 Year Fix","KTK","","","SER-FSDU-CFT-6F",179,0,1560
"","","","","","","SER-FSDU-CFT-12F",179,0,1560
"","","","","","","SER-FSDU-CFT-24F",179,0,1560
"","","","","","","SER-FSDU-CFT-48F",179,0,1560
"","MNL-0","KTK 1 Year Fix","KTK","","","SER-FSDU-CFT-6F",78,0,672
"","","","","","","SER-FSDU-CFT-12F",78,0,672
"","","","","","","SER-FSDU-CFT-24F",78,0,672
"","","","","","","SER-FSDU-CFT-48F",78,0,672
"","MRH-0","KTK 1 Year Fix","KTK","","","SER-FSDU-CFT-6F",215,0,1826
"","","","","","","SER-FSDU-CFT-12F",215,0,1826
"","","","","","","SER-FSDU-CFT-24F",215,0,1826
"","","","","","","SER-FSDU-CFT-48F",215,0,1826
"","MRU-0","KTK 1 Year Fix","KTK","","","SER-FSDU-CFT-6F",100,0,800
"","","","","","","SER-FSDU-CFT-12F",100,0,800
"","","","","","","SER-FSDU-CFT-24F",100,0,800
"","","","","","","SER-FSDU-CFT-48F",100,0,800
"","MSC-0","KTK 1 Year Fix","KTK","","","SER-FSDU-CFT-6F",6,0,48
"","","","","","","SER-FSDU-CFT-12F",6,0,48
"","","","","","","SER-FSDU-CFT-24F",6,0,48
"","","","","","","SER-FSDU-CFT-48F",6,0,48
"","MSM-0","KTK 1 Year Fix","KTK","","","SER-FSDU-CFT-6F",237,0,1912
"","","","","","","SER-FSDU-CFT-12F",237,0,1912
"","","","","","","SER-FSDU-CFT-24F",237,0,1912
"","","","","","","SER-FSDU-CFT-48F",237,0,1912
"","MVA-0","KTK 1 Year Fix","KTK","","","SER-FSDU-CFT-6F",268,0,2736
"","","","","","","SER-FSDU-CFT-12F",268,0,2736
"","","","","","","SER-FSDU-CFT-24F",268,0,2736
"","","","","","","SER-FSDU-CFT-48F",268,0,2736
"","MWP-0","KTK 1 Year Fix","KTK","","","SER-FSDU-CFT-6F",171,0,1448
"","","","","","","SER-FSDU-CFT-12F",171,0,1448
"","","","","","","SER-FSDU-CFT-24F",171,0,1448
"","","","","","","SER-FSDU-CFT-48F",171,0,1448
"","NAR-0","KTK 1 Year Fix","KTK","","","SER-FSDU-CFT-6F",347,0,2776
"","","","","","","SER-FSDU-CFT-12F",347,0,2776
"","","","","","","SER-FSDU-CFT-24F",347,0,2776
"","","","","","","SER-FSDU-CFT-48F",347,0,2776
"","NBP-0","KTK 1 Year Fix","KTK","","","SER-FSDU-CFT-6F",243,0,3232
"","","","","","","SER-FSDU-CFT-12F",243,0,3232
"","","","","","","SER-FSDU-CFT-24F",243,0,3232
"","","","","","","SER-FSDU-CFT-48F",243,0,3232
"","NCH-0","KTK 1 Year Fix","KTK","","","SER-FSDU-CFT-6F",232,0,2192
"","","","","","","SER-FSDU-CFT-12F",232,0,2192
"","","","","","","SER-FSDU-CFT-24F",232,0,2192
"","","","","","","SER-FSDU-CFT-48F",232,0,2192
"","NDZ-0","KTK 1 Year Fix","KTK","","","SER-FSDU-CFT-6F",98,0,808
"","","","","","","SER-FSDU-CFT-12F",98,0,808
"","","","","","","SER-FSDU-CFT-24F",98,0,808
"","","","","","","SER-FSDU-CFT-48F",98,0,808
"","NGR-0","KTK 1 Year Fix","KTK","","","SER-FSDU-CFT-6F",140,0,1476
"","","","","","","SER-FSDU-CFT-12F",140,0,1476
"","","","","","","SER-FSDU-CFT-24F",140,0,1476
"","","","","","","SER-FSDU-CFT-48F",140,0,1476
"","NGX-0","KTK 1 Year Fix","KTK","","","SER-FSDU-CFT-6F",261,0,2144
"","","","","","","SER-FSDU-CFT-12F",261,0,2144
"","","","","","","SER-FSDU-CFT-24F",261,0,2144
"","","","","","","SER-FSDU-CFT-48F",261,0,2144
"","NJC-0","KTK 1 Year Fix","KTK","","","SER-FSDU-CFT-6F",239,0,2000
"","","","","","","SER-FSDU-CFT-12F",239,0,2000
"","","","","","","SER-FSDU-CFT-24F",239,0,2000
"","","","","","","SER-FSDU-CFT-48F",239,0,2000
"","NMR-0","KTK 1 Year Fix","KTK","","","SER-FSDU-CFT-6F",394,0,3208
"","","","","","","SER-FSDU-CFT-12F",394,0,3208
"","","","","","","SER-FSDU-CFT-24F",394,0,3208
"","","","","","","SER-FSDU-CFT-48F",394,0,3208
"","NNB-0","KTK 1 Year Fix","KTK","","","SER-FSDU-CFT-6F",229,0,2240
"","","","","","","SER-FSDU-CFT-12F",229,0,2240
"","","","","","","SER-FSDU-CFT-24F",229,0,2240
"","","","","","","SER-FSDU-CFT-48F",229,0,2240
"","NNG-0","KTK 1 Year Fix","KTK","","","SER-FSDU-CFT-6F",107,0,1056
"","","","","","","SER-FSDU-CFT-12F",107,0,1056
"","","","","","","SER-FSDU-CFT-24F",107,0,1056
"","","","","","","SER-FSDU-CFT-48F",107,0,1056
"","NNJ-0","KTK 1 Year Fix","KTK","","","SER-FSDU-CFT-6F",286,0,2320
"","","","","","","SER-FSDU-CFT-12F",286,0,2320
"","","","","","","SER-FSDU-CFT-24F",286,0,2320
"","","","","","","SER-FSDU-CFT-48F",286,0,2320
"","NR9-0","KTK 1 Year Fix","KTK","","","SER-FSDU-CFT-6F",250,0,2136
"","","","","","","SER-FSDU-CFT-12F",250,0,2136
"","","","","","","SER-FSDU-CFT-24F",250,0,2136
"","","","","","","SER-FSDU-CFT-48F",250,0,2136
"","NRL-0","KTK 1 Year Fix","KTK","","","SER-FSDU-CFT-6F",331,0,2736
"","","","","","","SER-FSDU-CFT-12F",331,0,2736
"","","","","","","SER-FSDU-CFT-24F",331,0,2736
"","","","","","","SER-FSDU-CFT-48F",331,0,2736
"","OPX-0","KTK 1 Year Fix","KTK","","","SER-FSDU-CFT-6F",256,0,2160
"","","","","","","SER-FSDU-CFT-12F",256,0,2160
"","","","","","","SER-FSDU-CFT-24F",256,0,2160
"","","","","","","SER-FSDU-CFT-48F",256,0,2160
"","PDV-0","KTK 1 Year Fix","KTK","","","SER-FSDU-CFT-6F",208,0,2504
"","","","","","","SER-FSDU-CFT-12F",208,0,2504
"","","","","","","SER-FSDU-CFT-24F",208,0,2504
"","","","","","","SER-FSDU-CFT-48F",208,0,2504
"","PFA-0","KTK 1 Year Fix","KTK","","","SER-FSDU-CFT-6F",167,0,1400
"","","","","","","SER-FSDU-CFT-12F",167,0,1400
"","","","","","","SER-FSDU-CFT-24F",167,0,1400
"","","","","","","SER-FSDU-CFT-48F",167,0,1400
"","PGR-0","KTK 1 Year Fix","KTK","","","SER-FSDU-CFT-6F",173,0,1408
"","","","","","","SER-FSDU-CFT-12F",173,0,1408
"","","","","","","SER-FSDU-CFT-24F",173,0,1408
"","","","","","","SER-FSDU-CFT-48F",173,0,1408
"","PHP-0","KTK 1 Year Fix","KTK","","","SER-FSDU-CFT-6F",98,0,824
"","","","","","","SER-FSDU-CFT-12F",98,0,824
"","","","","","","SER-FSDU-CFT-24F",98,0,824
"","","","","","","SER-FSDU-CFT-48F",98,0,824
"","PLE-0","KTK 1 Year Fix","KTK","","","SER-FSDU-CFT-6F",241,0,2096
"","","","","","","SER-FSDU-CFT-12F",241,0,2096
"","","","","","","SER-FSDU-CFT-24F",241,0,2096
"","","","","","","SER-FSDU-CFT-48F",241,0,2096
"","PLH-0","KTK 1 Year Fix","KTK","","","SER-FSDU-CFT-6F",155,0,1360
"","","","","","","SER-FSDU-CFT-12F",155,0,1360
"","","","","","","SER-FSDU-CFT-24F",155,0,1360
"","","","","","","SER-FSDU-CFT-48F",155,0,1360
"","PMP-0","KTK 1 Year Fix","KTK","","","SER-FSDU-CFT-6F",313,0,2854
"","","","","","","SER-FSDU-CFT-12F",313,0,2854
"","","","","","","SER-FSDU-CFT-24F",313,0,2854
"","","","","","","SER-FSDU-CFT-48F",313,0,2854
"","PNC-0","KTK 1 Year Fix","KTK","","","SER-FSDU-CFT-6F",243,0,2048
"","","","","","","SER-FSDU-CFT-12F",243,0,2048
"","","","","","","SER-FSDU-CFT-24F",243,0,2048
"","","","","","","SER-FSDU-CFT-48F",243,0,2048
"","PPS-0","KTK 1 Year Fix","KTK","","","SER-FSDU-CFT-6F",196,0,1936
"","","","","","","SER-FSDU-CFT-12F",196,0,1936
"","","","","","","SER-FSDU-CFT-24F",196,0,1936
"","","","","","","SER-FSDU-CFT-48F",196,0,1936
"","PRL-0","KTK 1 Year Fix","KTK","","","SER-FSDU-CFT-6F",89,0,728
"","","","","","","SER-FSDU-CFT-12F",89,0,728
"","","","","","","SER-FSDU-CFT-24F",89,0,728
"","","","","","","SER-FSDU-CFT-48F",89,0,728
"","PTB-0","KTK 1 Year Fix","KTK","","","SER-FSDU-CFT-6F",196,0,1976
"","","","","","","SER-FSDU-CFT-12F",196,0,1976
"","","","","","","SER-FSDU-CFT-24F",196,0,1976
"","","","","","","SER-FSDU-CFT-48F",196,0,1976
"","PUP-0","KTK 1 Year Fix","KTK","","","SER-FSDU-CFT-6F",287,0,2488
"","","","","","","SER-FSDU-CFT-12F",287,0,2488
"","","","","","","SER-FSDU-CFT-24F",287,0,2488
"","","","","","","SER-FSDU-CFT-48F",287,0,2488
"","RAN-0","KTK 1 Year Fix","KTK","","","SER-FSDU-CFT-6F",155,0,1496
"","","","","","","SER-FSDU-CFT-12F",155,0,1496
"","","","","","","SER-FSDU-CFT-24F",155,0,1496
"","","","","","","SER-FSDU-CFT-48F",155,0,1496
"","RCP-0","KTK 1 Year Fix","KTK","","","SER-FSDU-CFT-6F",270,0,2264
"","","","","","","SER-FSDU-CFT-12F",270,0,2264
"","","","","","","SER-FSDU-CFT-24F",270,0,2264
"","","","","","","SER-FSDU-CFT-48F",270,0,2264
"","RGL-0","KTK 1 Year Fix","KTK","","","SER-FSDU-CFT-6F",259,0,2128
"","","","","","","SER-FSDU-CFT-12F",259,0,2128
"","","","","","","SER-FSDU-CFT-24F",259,0,2128
"","","","","","","SER-FSDU-CFT-48F",259,0,2128
"","RIA-0","KTK 1 Year Fix","KTK","","","SER-FSDU-CFT-6F",324,0,2608
"","","","","","","SER-FSDU-CFT-12F",324,0,2608
"","","","","","","SER-FSDU-CFT-24F",324,0,2608
"","","","","","","SER-FSDU-CFT-48F",324,0,2608
"","RJN-0","KTK 1 Year Fix","KTK","","","SER-FSDU-CFT-6F",168,0,1344
"","","","","","","SER-FSDU-CFT-12F",168,0,1344
"","","","","","","SER-FSDU-CFT-24F",168,0,1344
"","","","","","","SER-FSDU-CFT-48F",168,0,1344
"","RMH-0","KTK 1 Year Fix","KTK","","","SER-FSDU-CFT-6F",342,0,3520
"","","","","","","SER-FSDU-CFT-12F",342,0,3520
"","","","","","","SER-FSDU-CFT-24F",342,0,3520
"","","","","","","SER-FSDU-CFT-48F",342,0,3520
"","RMN-0","KTK 1 Year Fix","KTK","","","SER-FSDU-CFT-6F",386,0,4367
"","","","","","","SER-FSDU-CFT-12F",386,0,4367
"","","","","","","SER-FSDU-CFT-24F",386,0,4367
"","","","","","","SER-FSDU-CFT-48F",386,0,4367
"","RRB-0","KTK 1 Year Fix","KTK","","","SER-FSDU-CFT-6F",266,0,2320
"","","","","","","SER-FSDU-CFT-12F",266,0,2320
"","","","","","","SER-FSDU-CFT-24F",266,0,2320
"","","","","","","SER-FSDU-CFT-48F",266,0,2320
"","RRD-0","KTK 1 Year Fix","KTK","","","SER-FSDU-CFT-6F",412,0,3488
"","","","","","","SER-FSDU-CFT-12F",412,0,3488
"","","","","","","SER-FSDU-CFT-24F",412,0,3488
"","","","","","","SER-FSDU-CFT-48F",412,0,3488
"","RTB-0","KTK 1 Year Fix","KTK","","","SER-FSDU-CFT-6F",269,0,2280
"","","","","","","SER-FSDU-CFT-12F",269,0,2280
"","","","","","","SER-FSDU-CFT-24F",269,0,2280
"","","","","","","SER-FSDU-CFT-48F",269,0,2280
"","RYD-0","KTK 1 Year Fix","KTK","","","SER-FSDU-CFT-6F",161,0,1416
"","","","","","","SER-FSDU-CFT-12F",161,0,1416
"","","","","","","SER-FSDU-CFT-24F",161,0,1416
"","","","","","","SER-FSDU-CFT-48F",161,0,1416
"","SBB-0","KTK 1 Year Fix","KTK","","","SER-FSDU-CFT-6F",172,0,1424
"","","","","","","SER-FSDU-CFT-12F",172,0,1424
"","","","","","","SER-FSDU-CFT-24F",172,0,1424
"","","","","","","SER-FSDU-CFT-48F",172,0,1424
"","SCW-0","KTK 1 Year Fix","KTK","","","SER-FSDU-CFT-6F",122,0,1264
"","","","","","","SER-FSDU-CFT-12F",122,0,1264
"","","","","","","SER-FSDU-CFT-24F",122,0,1264
"","","","","","","SER-FSDU-CFT-48F",122,0,1264
"","SES-0","KTK 1 Year Fix","KTK","","","SER-FSDU-CFT-6F",91,0,728
"","","","","","","SER-FSDU-CFT-12F",91,0,728
"","","","","","","SER-FSDU-CFT-24F",91,0,728
"","","","","","","SER-FSDU-CFT-48F",91,0,728
"","SGB-0","KTK 1 Year Fix","KTK","","","SER-FSDU-CFT-6F",357,0,3048
"","","","","","","SER-FSDU-CFT-12F",357,0,3048
"","","","","","","SER-FSDU-CFT-24F",357,0,3048
"","","","","","","SER-FSDU-CFT-48F",357,0,3048
"","SGP-0","KTK 1 Year Fix","KTK","","","SER-FSDU-CFT-6F",365,0,3392
"","","","","","","SER-FSDU-CFT-12F",365,0,3392
"","","","","","","SER-FSDU-CFT-24F",365,0,3392
"","","","","","","SER-FSDU-CFT-48F",365,0,3392
"","SGS-0","KTK 1 Year Fix","KTK","","","SER-FSDU-CFT-6F",50,0,472
"","","","","","","SER-FSDU-CFT-12F",50,0,472
"","","","","","","SER-FSDU-CFT-24F",50,0,472
"","","","","","","SER-FSDU-CFT-48F",50,0,472
"","SGX-0","KTK 1 Year Fix","KTK","","","SER-FSDU-CFT-6F",133,0,1080
"","","","","","","SER-FSDU-CFT-12F",133,0,1080
"","","","","","","SER-FSDU-CFT-24F",133,0,1080
"","","","","","","SER-FSDU-CFT-48F",133,0,1080
"","SH9-0","KTK 1 Year Fix","KTK","","","SER-FSDU-CFT-6F",197,0,1696
"","","","","","","SER-FSDU-CFT-12F",197,0,1696
"","","","","","","SER-FSDU-CFT-24F",197,0,1696
"","","","","","","SER-FSDU-CFT-48F",197,0,1696
"","SHG-0","KTK 1 Year Fix","KTK","","","SER-FSDU-CFT-6F",188,0,1594
"","","","","","","SER-FSDU-CFT-12F",188,0,1594
"","","","","","","SER-FSDU-CFT-24F",188,0,1594
"","","","","","","SER-FSDU-CFT-48F",188,0,1594
"","SIG-0","KTK 1 Year Fix","KTK","","","SER-FSDU-CFT-6F",145,0,1376
"","","","","","","SER-FSDU-CFT-12F",145,0,1376
"","","","","","","SER-FSDU-CFT-24F",145,0,1376
"","","","","","","SER-FSDU-CFT-48F",145,0,1376
"","SIP-0","KTK 1 Year Fix","KTK","","","SER-FSDU-CFT-6F",218,0,2024
"","","","","","","SER-FSDU-CFT-12F",218,0,2024
"","","","","","","SER-FSDU-CFT-24F",218,0,2024
"","","","","","","SER-FSDU-CFT-48F",218,0,2024
"","SJN-0","KTK 1 Year Fix","KTK","","","SER-FSDU-CFT-6F",426,0,4016
"","","","","","","SER-FSDU-CFT-12F",426,0,4016
"","","","","","","SER-FSDU-CFT-24F",426,0,4016
"","","","","","","SER-FSDU-CFT-48F",426,0,4016
"","SKC-0","KTK 1 Year Fix","KTK","","","SER-FSDU-CFT-6F",225,0,1848
"","","","","","","SER-FSDU-CFT-12F",225,0,1848
"","","","","","","SER-FSDU-CFT-24F",225,0,1848
"","","","","","","SER-FSDU-CFT-48F",225,0,1848
"","SKS-0","KTK 1 Year Fix","KTK","","","SER-FSDU-CFT-6F",306,0,2520
"","","","","","","SER-FSDU-CFT-12F",306,0,2520
"","","","","","","SER-FSDU-CFT-24F",306,0,2520
"","","","","","","SER-FSDU-CFT-48F",306,0,2520
"","SMH-0","KTK 1 Year Fix","KTK","","","SER-FSDU-CFT-6F",203,0,1632
"","","","","","","SER-FSDU-CFT-12F",203,0,1632
"","","","","","","SER-FSDU-CFT-24F",203,0,1632
"","","","","","","SER-FSDU-CFT-48F",203,0,1632
"","SMR-0","KTK 1 Year Fix","KTK","","","SER-FSDU-CFT-6F",470,0,4064
"","","","","","","SER-FSDU-CFT-12F",470,0,4064
"","","","","","","SER-FSDU-CFT-24F",470,0,4064
"","","","","","","SER-FSDU-CFT-48F",470,0,4064
"","SMW-0","KTK 1 Year Fix","KTK","","","SER-FSDU-CFT-6F",64,0,640
"","","","","","","SER-FSDU-CFT-12F",64,0,640
"","","","","","","SER-FSDU-CFT-24F",64,0,640
"","","","","","","SER-FSDU-CFT-48F",64,0,640
"","SPG-0","KTK 1 Year Fix","KTK","","","SER-FSDU-CFT-6F",119,0,1088
"","","","","","","SER-FSDU-CFT-12F",119,0,1088
"","","","","","","SER-FSDU-CFT-24F",119,0,1088
"","","","","","","SER-FSDU-CFT-48F",119,0,1088
"","SPH-0","KTK 1 Year Fix","KTK","","","SER-FSDU-CFT-6F",167,0,2112
"","","","","","","SER-FSDU-CFT-12F",167,0,2112
"","","","","","","SER-FSDU-CFT-24F",167,0,2112
"","","","","","","SER-FSDU-CFT-48F",167,0,2112
"","SRA-0","KTK 1 Year Fix","KTK","","","SER-FSDU-CFT-6F",100,0,1232
"","","","","","","SER-FSDU-CFT-12F",100,0,1232
"","","","","","","SER-FSDU-CFT-24F",100,0,1232
"","","","","","","SER-FSDU-CFT-48F",100,0,1232
"","SRK-0","KTK 1 Year Fix","KTK","","","SER-FSDU-CFT-6F",290,0,2416
"","","","","","","SER-FSDU-CFT-12F",290,0,2416
"","","","","","","SER-FSDU-CFT-24F",290,0,2416
"","","","","","","SER-FSDU-CFT-48F",290,0,2416
"","SRP-0","KTK 1 Year Fix","KTK","","","SER-FSDU-CFT-6F",375,0,4414
"","","","","","","SER-FSDU-CFT-12F",375,0,4414
"","","","","","","SER-FSDU-CFT-24F",375,0,4414
"","","","","","","SER-FSDU-CFT-48F",375,0,4414
"","SSL-0","KTK 1 Year Fix","KTK","","","SER-FSDU-CFT-6F",201,0,1808
"","","","","","","SER-FSDU-CFT-12F",201,0,1808
"","","","","","","SER-FSDU-CFT-24F",201,0,1808
"","","","","","","SER-FSDU-CFT-48F",201,0,1808
"","SSO-0","KTK 1 Year Fix","KTK","","","SER-FSDU-CFT-6F",67,0,648
"","","","","","","SER-FSDU-CFT-12F",67,0,648
"","","","","","","SER-FSDU-CFT-24F",67,0,648
"","","","","","","SER-FSDU-CFT-48F",67,0,648
"","SSR-0","KTK 1 Year Fix","KTK","","","SER-FSDU-CFT-6F",177,0,1544
"","","","","","","SER-FSDU-CFT-12F",177,0,1544
"","","","","","","SER-FSDU-CFT-24F",177,0,1544
"","","","","","","SER-FSDU-CFT-48F",177,0,1544
"","SSW-0","KTK 1 Year Fix","KTK","","","SER-FSDU-CFT-6F",136,0,1088
"","","","","","","SER-FSDU-CFT-12F",136,0,1088
"","","","","","","SER-FSDU-CFT-24F",136,0,1088
"","","","","","","SER-FSDU-CFT-48F",136,0,1088
"","SUA-0","KTK 1 Year Fix","KTK","","","SER-FSDU-CFT-6F",178,0,1610
"","","","","","","SER-FSDU-CFT-12F",178,0,1610
"","","","","","","SER-FSDU-CFT-24F",178,0,1610
"","","","","","","SER-FSDU-CFT-48F",178,0,1610
"","SUN-0","KTK 1 Year Fix","KTK","","","SER-FSDU-CFT-6F",35,0,456
"","","","","","","SER-FSDU-CFT-12F",35,0,456
"","","","","","","SER-FSDU-CFT-24F",35,0,456
"","","","","","","SER-FSDU-CFT-48F",35,0,456
"","SVN-0","KTK 1 Year Fix","KTK","","","SER-FSDU-CFT-6F",378,0,3248
"","","","","","","SER-FSDU-CFT-12F",378,0,3248
"","","","","","","SER-FSDU-CFT-24F",378,0,3248
"","","","","","","SER-FSDU-CFT-48F",378,0,3248
"","SWD-0","KTK 1 Year Fix","KTK","","","SER-FSDU-CFT-6F",209,0,1768
"","","","","","","SER-FSDU-CFT-12F",209,0,1768
"","","","","","","SER-FSDU-CFT-24F",209,0,1768
"","","","","","","SER-FSDU-CFT-48F",209,0,1768
"","SZC-0","KTK 1 Year Fix","KTK","","","SER-FSDU-CFT-6F",143,0,1280
"","","","","","","SER-FSDU-CFT-12F",143,0,1280
"","","","","","","SER-FSDU-CFT-24F",143,0,1280
"","","","","","","SER-FSDU-CFT-48F",143,0,1280
"","SZM-0","KTK 1 Year Fix","KTK","","","SER-FSDU-CFT-6F",202,0,1616
"","","","","","","SER-FSDU-CFT-12F",202,0,1616
"","","","","","","SER-FSDU-CFT-24F",202,0,1616
"","","","","","","SER-FSDU-CFT-48F",202,0,1616
"","TCH-0","KTK 1 Year Fix","KTK","","","SER-FSDU-CFT-6F",250,0,2080
"","","","","","","SER-FSDU-CFT-12F",250,0,2080
"","","","","","","SER-FSDU-CFT-24F",250,0,2080
"","","","","","","SER-FSDU-CFT-48F",250,0,2080
"","TRN-0","KTK 1 Year Fix","KTK","","","SER-FSDU-CFT-6F",347,0,2864
"","","","","","","SER-FSDU-CFT-12F",347,0,2864
"","","","","","","SER-FSDU-CFT-24F",347,0,2864
"","","","","","","SER-FSDU-CFT-48F",347,0,2864
"","TYG-0","KTK 1 Year Fix","KTK","","","SER-FSDU-CFT-6F",252,0,2184
"","","","","","","SER-FSDU-CFT-12F",252,0,2184
"","","","","","","SER-FSDU-CFT-24F",252,0,2184
"","","","","","","SER-FSDU-CFT-48F",252,0,2184
"","ULB-0","KTK 1 Year Fix","KTK","","","SER-FSDU-CFT-6F",407,0,3912
"","","","","","","SER-FSDU-CFT-12F",407,0,3912
"","","","","","","SER-FSDU-CFT-24F",407,0,3912
"","","","","","","SER-FSDU-CFT-48F",407,0,3912
"","ULK-0","KTK 1 Year Fix","KTK","","","SER-FSDU-CFT-6F",136,0,2861
"","","","","","","SER-FSDU-CFT-12F",136,0,2861
"","","","","","","SER-FSDU-CFT-24F",136,0,2861
"","","","","","","SER-FSDU-CFT-48F",136,0,2861
"","ULR-0","KTK 1 Year Fix","KTK","","","SER-FSDU-CFT-6F",308,0,2512
"","","","","","","SER-FSDU-CFT-12F",308,0,2512
"","","","","","","SER-FSDU-CFT-24F",308,0,2512
"","","","","","","SER-FSDU-CFT-48F",308,0,2512
"","ULS-0","KTK 1 Year Fix","KTK","","","SER-FSDU-CFT-6F",169,0,1812
"","","","","","","SER-FSDU-CFT-12F",169,0,1812
"","","","","","","SER-FSDU-CFT-24F",169,0,1812
"","","","","","","SER-FSDU-CFT-48F",169,0,1812
"","VGL-0","KTK 1 Year Fix","KTK","","","SER-FSDU-CFT-6F",271,0,2512
"","","","","","","SER-FSDU-CFT-12F",271,0,2512
"","","","","","","SER-FSDU-CFT-24F",271,0,2512
"","","","","","","SER-FSDU-CFT-48F",271,0,2512
"","VPC-0","KTK 1 Year Fix","KTK","","","SER-FSDU-CFT-6F",112,0,944
"","","","","","","SER-FSDU-CFT-12F",112,0,944
"","","","","","","SER-FSDU-CFT-24F",112,0,944
"","","","","","","SER-FSDU-CFT-48F",112,0,944
"","VRG-0","KTK 1 Year Fix","KTK","","","SER-FSDU-CFT-6F",259,0,3000
"","","","","","","SER-FSDU-CFT-12F",259,0,3000
"","","","","","","SER-FSDU-CFT-24F",259,0,3000
"","","","","","","SER-FSDU-CFT-48F",259,0,3000
"","VRZ-0","KTK 1 Year Fix","KTK","","","SER-FSDU-CFT-6F",230,0,1872
"","","","","","","SER-FSDU-CFT-12F",230,0,1872
"","","","","","","SER-FSDU-CFT-24F",230,0,1872
"","","","","","","SER-FSDU-CFT-48F",230,0,1872
"","VTL-0","KTK 1 Year Fix","KTK","","","SER-FSDU-CFT-6F",136,0,1296
"","","","","","","SER-FSDU-CFT-12F",136,0,1296
"","","","","","","SER-FSDU-CFT-24F",136,0,1296
"","","","","","","SER-FSDU-CFT-48F",136,0,1296
"","VVU-0","KTK 1 Year Fix","KTK","","","SER-FSDU-CFT-6F",250,0,2520
"","","","","","","SER-FSDU-CFT-12F",250,0,2520
"","","","","","","SER-FSDU-CFT-24F",250,0,2520
"","","","","","","SER-FSDU-CFT-48F",250,0,2520
"","WFD-0","KTK 1 Year Fix","KTK","","","SER-FSDU-CFT-6F",325,0,3016
"","","","","","","SER-FSDU-CFT-12F",325,0,3016
"","","","","","","SER-FSDU-CFT-24F",325,0,3016
"","","","","","","SER-FSDU-CFT-48F",325,0,3016
"","WOR-0","KTK 1 Year Fix","KTK","","","SER-FSDU-CFT-6F",292,0,2480
"","","","","","","SER-FSDU-CFT-12F",292,0,2480
"","","","","","","SER-FSDU-CFT-24F",292,0,2480
"","","","","","","SER-FSDU-CFT-48F",292,0,2480
"","YPR-0","KTK 1 Year Fix","KTK","","","SER-FSDU-CFT-6F",218,0,2522
"","","","","","","SER-FSDU-CFT-12F",218,0,2522
"","","","","","","SER-FSDU-CFT-24F",218,0,2522
"","","","","","","SER-FSDU-CFT-48F",218,0,2522
