ID,RSU Code,SDU Billing Rates,Circle,GST State,ID (Rsu Items),Item (Rsu Items),Plan FAT (Rsu Items),Plan Fibre length (Rsu Items),Plan HP (Rsu Items)
ZJ2-0-DEL-11287,ZJ2-0,DEL 1 Year Fix,DEL,,fji73pddso,SER-FSDU-CFT-6F,52,1485,416
,,,,,fji785o39h,SER-FSDU-CFT-12F,52,1335,416
,,,,,fji7pv73kd,SER-FSDU-CFT-24F,52,1952,416
,,,,,fji7v05hii,SER-FSDU-CFT-48F,52,0,416
Z2Z-0-DEL-11286,Z2Z-0,DEL 1 Year Fix,DEL,,fji7en04n7,SER-FSDU-CFT-6F,57,934,456
,,,,,fji7r2i3n8,SER-FSDU-CFT-12F,57,571,456
,,,,,fji7rroj7f,SER-FSDU-CFT-24F,57,836,456
,,,,,fji76bhh8j,SER-FSDU-CFT-48F,57,0,456
Z2X-0-DEL-11285,Z2X-0,DEL 1 Year Fix,DEL,,fji7108il7,SER-FSDU-CFT-6F,305,12560,2440
,,,,,fji7i26rls,SER-FSDU-CFT-12F,305,12010,2440
,,,,,fji7u01ot9,SER-FSDU-CFT-24F,305,6450,2440
,,,,,fji77kodfo,SER-FSDU-CFT-48F,305,1850,2440
Z2T-0-DEL-11284,Z2T-0,DEL 1 Year Fix,DEL,,fji7g92pi4,SER-FSDU-CFT-6F,126,2080,1520
,,,,,fji7kqlj9t,SER-FSDU-CFT-12F,126,1930,1520
,,,,,fji77aveiq,SER-FSDU-CFT-24F,126,1070,1520
,,,,,fji7i4t8bo,SER-FSDU-CFT-48F,126,720,1520
Z2I-0-DEL-11283,Z2I-0,DEL 1 Year Fix,DEL,,fji75gd6ur,SER-FSDU-CFT-6F,308,5660,2560
,,,,,fji7kune80,SER-FSDU-CFT-12F,308,4440,2560
,,,,,fji7gi8b5a,SER-FSDU-CFT-24F,308,4610,2560
,,,,,fji72bvaed,SER-FSDU-CFT-48F,308,700,2560
Z2C-0-DEL-11282,Z2C-0,DEL 1 Year Fix,DEL,,fji6eloqkm,SER-FSDU-CFT-6F,321,4680,2800
,,,,,fji6va2hg6,SER-FSDU-CFT-12F,321,4515,2800
,,,,,fji6rdrgtu,SER-FSDU-CFT-24F,321,3500,2800
,,,,,fji66k0aka,SER-FSDU-CFT-48F,321,1885,2800
Z2A-0-DEL-11281,Z2A-0,DEL 1 Year Fix,DEL,,fji6rgjess,SER-FSDU-CFT-6F,344,5210,2752
,,,,,fji67l59hi,SER-FSDU-CFT-12F,344,5290,2752
,,,,,fji6ieq4v2,SER-FSDU-CFT-24F,344,5295,2752
,,,,,fji6jvh3ud,SER-FSDU-CFT-48F,344,670,2752
Z0J-0-DEL-11280,Z0J-0,DEL 1 Year Fix,DEL,,fji6p61ggg,SER-FSDU-CFT-6F,67,,536
,,,,,fji6tvj2fe,SER-FSDU-CFT-12F,67,,536
,,,,,fji68v02s0,SER-FSDU-CFT-24F,67,,536
,,,,,fji6s4qcb9,SER-FSDU-CFT-48F,67,,536
W3Z-0-DEL-11279,W3Z-0,DEL 1 Year Fix,DEL,Delhi,fji6qgsens,SER-FSDU-CFT-6F,107,1371,1000
,,,,,fji6f5vvhi,SER-FSDU-CFT-12F,107,1260,1000
,,,,,fji6d81hnr,SER-FSDU-CFT-24F,107,1263,1000
,,,,,fji61ikgul,SER-FSDU-CFT-48F,107,1368,1000
W3B-0-DEL-11278,W3B-0,DEL 1 Year Fix,DEL,Delhi,fji67oshh7,SER-FSDU-CFT-6F,0,,0
,,,,,fji6jka7vs,SER-FSDU-CFT-12F,0,0,0
,,,,,fji6uqo4cl,SER-FSDU-CFT-24F,0,0,0
,,,,,fji67aet5p,SER-FSDU-CFT-48F,0,0,0
VY0-0-DEL-11277,VY0-0,DEL 1 Year Fix,DEL,,fji6m90oms,SER-FSDU-CFT-6F,153,2210,1224
,,,,,fji64bt4rh,SER-FSDU-CFT-12F,153,2140,1224
,,,,,fji69q3vsp,SER-FSDU-CFT-24F,153,4500,1224
,,,,,fji6gsj1e7,SER-FSDU-CFT-48F,153,940,1224
VJ7-0-DEL-11276,VJ7-0,DEL 1 Year Fix,DEL,Delhi,fji6t15ll2,SER-FSDU-CFT-6F,127,1955,1504
,,,,,fji6gakmjq,SER-FSDU-CFT-12F,127,1077,1504
,,,,,fji6l81sok,SER-FSDU-CFT-24F,127,1190,1504
,,,,,fji643rtqh,SER-FSDU-CFT-48F,127,1750,1504
VJ3-0-DEL-11275,VJ3-0,DEL 1 Year Fix,DEL,,fji6ogvipk,SER-FSDU-CFT-6F,106,2247,848
,,,,,fji6jr96pb,SER-FSDU-CFT-12F,106,1941,848
,,,,,fji67umq7o,SER-FSDU-CFT-24F,106,3697,848
,,,,,fji6b26hq3,SER-FSDU-CFT-48F,106,792,848
VH1-0-DEL-11274,VH1-0,DEL 1 Year Fix,DEL,,fji6gmrbio,SER-FSDU-CFT-6F,97,1704,776
,,,,,fji6q7a6f9,SER-FSDU-CFT-12F,97,2000,776
,,,,,fji6de0421,SER-FSDU-CFT-24F,97,3153,776
,,,,,fji6q3gg2l,SER-FSDU-CFT-48F,97,740,776
VF2-0-DEL-11273,VF2-0,DEL 1 Year Fix,DEL,Uttar Pradesh,fji52qraff,SER-FSDU-CFT-6F,250,,2000
,,,,,fji5tclmgk,SER-FSDU-CFT-12F,250,,2000
,,,,,fji54ablu7,SER-FSDU-CFT-24F,250,,2000
,,,,,fji5ao6mnm,SER-FSDU-CFT-48F,250,,2000
VF1-0-DEL-11272,VF1-0,DEL 1 Year Fix,DEL,Uttar Pradesh,fji51kri24,SER-FSDU-CFT-6F,182,,2000
,,,,,fji5dbf00q,SER-FSDU-CFT-12F,182,,2000
,,,,,fji53eq2c6,SER-FSDU-CFT-24F,182,,2000
,,,,,fji525a48h,SER-FSDU-CFT-48F,182,,2000
VEQ-0-DEL-11271,VEQ-0,DEL 1 Year Fix,DEL,Delhi,fji54f5j4k,SER-FSDU-CFT-6F,132,2410,1088
,,,,,fji5805deb,SER-FSDU-CFT-12F,132,2425,1088
,,,,,fji5ll8987,SER-FSDU-CFT-24F,132,3065,1088
,,,,,fji5p18btr,SER-FSDU-CFT-48F,132,2520,1088
VEM-0-DEL-11270,VEM-0,DEL 1 Year Fix,DEL,Haryana,fji5uudv0f,SER-FSDU-CFT-6F,52,,416
,,,,,fji5re0ipo,SER-FSDU-CFT-12F,52,,416
,,,,,fji50fkat5,SER-FSDU-CFT-24F,52,,416
,,,,,fji55phlp9,SER-FSDU-CFT-48F,52,,416
VE3-0-DEL-11269,VE3-0,DEL 1 Year Fix,DEL,Uttar Pradesh,fji5rlvm82,SER-FSDU-CFT-6F,102,,1600
,,,,,fji5j6ntsc,SER-FSDU-CFT-12F,102,,1600
,,,,,fji5oc8oo7,SER-FSDU-CFT-24F,102,,1600
,,,,,fji5i18v7q,SER-FSDU-CFT-48F,102,,1600
VE2-0-DEL-11268,VE2-0,DEL 1 Year Fix,DEL,Uttar Pradesh,fji5qhu0j2,SER-FSDU-CFT-6F,134,,1600
,,,,,fji5rcrilp,SER-FSDU-CFT-12F,134,,1600
,,,,,fji5pikr5l,SER-FSDU-CFT-24F,134,,1600
,,,,,fji5i57n0t,SER-FSDU-CFT-48F,134,,1600
V8Y-0-DEL-11267,V8Y-0,DEL 1 Year Fix,DEL,Delhi,fji51p2ei6,SER-FSDU-CFT-6F,65,870,568
,,,,,fji5h3b4gc,SER-FSDU-CFT-12F,65,795,568
,,,,,fji5h5gb5t,SER-FSDU-CFT-24F,65,795,568
,,,,,fji5m0hdro,SER-FSDU-CFT-48F,65,710,568
V3V-0-DEL-11266,V3V-0,DEL 1 Year Fix,DEL,,fji51jsdf1,SER-FSDU-CFT-6F,76,1254,608
,,,,,fji54phtu9,SER-FSDU-CFT-12F,76,1198,608
,,,,,fji50sioff,SER-FSDU-CFT-24F,76,2442,608
,,,,,fji5uletnc,SER-FSDU-CFT-48F,76,1084,608
V3K-0-DEL-11265,V3K-0,DEL 1 Year Fix,DEL,,fji55ku8mu,SER-FSDU-CFT-6F,72,1495,576
,,,,,fji58fqnah,SER-FSDU-CFT-12F,72,1521,576
,,,,,fji536e4ln,SER-FSDU-CFT-24F,72,3687,576
,,,,,fji5bk17t2,SER-FSDU-CFT-48F,72,699,576
V3H-0-DEL-11264,V3H-0,DEL 1 Year Fix,DEL,,fji46rav9s,SER-FSDU-CFT-6F,196,4910,1568
,,,,,fji4t67bgk,SER-FSDU-CFT-12F,196,3070,1568
,,,,,fji4frujjs,SER-FSDU-CFT-24F,196,1590,1568
,,,,,fji48ccb1n,SER-FSDU-CFT-48F,196,1780,1568
U3L-0-DEL-11263,U3L-0,DEL 1 Year Fix,DEL,,fji41i6ol3,SER-FSDU-CFT-6F,221,8937,1768
,,,,,fji41gsf9t,SER-FSDU-CFT-12F,221,6041,1768
,,,,,fji4olum0t,SER-FSDU-CFT-24F,221,8937,1768
,,,,,fji4b6nt5t,SER-FSDU-CFT-48F,221,0,1768
U3K-0-DEL-11262,U3K-0,DEL 1 Year Fix,DEL,,fji47l6m0k,SER-FSDU-CFT-6F,104,2203,832
,,,,,fji4bkgmhi,SER-FSDU-CFT-12F,104,2285,832
,,,,,fji4vr4qrp,SER-FSDU-CFT-24F,104,3663,832
,,,,,fji4621atr,SER-FSDU-CFT-48F,104,715,832
U3J-0-DEL-11261,U3J-0,DEL 1 Year Fix,DEL,,fji4r2rrjr,SER-FSDU-CFT-6F,225,1275.0; 10678.0,1800
,,,,,fji4m86c31,SER-FSDU-CFT-12F,225,135.0; 7349.0,1800
,,,,,fji4eqruka,SER-FSDU-CFT-24F,225,11779,1800
,,,,,fji4efmnti,SER-FSDU-CFT-48F,225,0,1800
TJ3-0-DEL-11260,TJ3-0,DEL 1 Year Fix,DEL,,fji4r4opc5,SER-FSDU-CFT-6F,300,9000,3504
,,,,,fji4e8e9nt,SER-FSDU-CFT-12F,300,4770,3504
,,,,,fji490sed4,SER-FSDU-CFT-24F,300,1425,3504
,,,,,fji4152936,SER-FSDU-CFT-48F,300,1695,3504
T3G-0-DEL-11259,T3G-0,DEL 1 Year Fix,DEL,,fji4fqkbas,SER-FSDU-CFT-6F,47,1896,376
,,,,,fji4823o5o,SER-FSDU-CFT-12F,47,2724,376
,,,,,fji48olrsc,SER-FSDU-CFT-24F,47,1280,376
,,,,,fji4uo5v6o,SER-FSDU-CFT-48F,47,0,376
T3F-0-DEL-11258,T3F-0,DEL 1 Year Fix,DEL,,fji4v0g3jp,SER-FSDU-CFT-6F,77,4080,616
,,,,,fji4v11mfi,SER-FSDU-CFT-12F,77,1920,616
,,,,,fji4asknqi,SER-FSDU-CFT-24F,77,640,616
,,,,,fji4m8b73l,SER-FSDU-CFT-48F,77,0,616
SN3-0-DEL-11257,SN3-0,DEL 1 Year Fix,DEL,,fji4e0ku7t,SER-FSDU-CFT-6F,64,2260,904
,,,,,fji4mhdpg3,SER-FSDU-CFT-12F,64,1100,904
,,,,,fji45o95gc,SER-FSDU-CFT-24F,64,840,904
,,,,,fji4chsfkd,SER-FSDU-CFT-48F,64,0,904
SK2-0-DEL-11256,SK2-0,DEL 1 Year Fix,DEL,,fji4no6ceo,SER-FSDU-CFT-6F,128,0,1152
,,,,,fji4skh3nt,SER-FSDU-CFT-12F,128,0,1152
,,,,,fji4s8jv9q,SER-FSDU-CFT-24F,128,0,1152
,,,,,fji44ge8bd,SER-FSDU-CFT-48F,128,0,1152
S3X-0-DEL-11255,S3X-0,DEL 1 Year Fix,DEL,,fji3k5hhtj,SER-FSDU-CFT-6F,222,8940,1776
,,,,,fji3r43pjh,SER-FSDU-CFT-12F,222,4224,1776
,,,,,fji338409o,SER-FSDU-CFT-24F,222,3444,1776
,,,,,fji3tqv4kj,SER-FSDU-CFT-48F,222,520,1776
S3L-0-DEL-11254,S3L-0,DEL 1 Year Fix,DEL,,fji37njsju,SER-FSDU-CFT-6F,281,3381,2248
,,,,,fji3bmj6jc,SER-FSDU-CFT-12F,281,2642,2248
,,,,,fji3qahn78,SER-FSDU-CFT-24F,281,3335,2248
,,,,,fji3tugk53,SER-FSDU-CFT-48F,281,4512,2248
S2L-0-DEL-11253,S2L-0,DEL 1 Year Fix,DEL,Delhi,fji3cq61ja,SER-FSDU-CFT-6F,119,1962,952
,,,,,fji3r7p9q5,SER-FSDU-CFT-12F,119,1329,952
,,,,,fji32ne81m,SER-FSDU-CFT-24F,119,309,952
,,,,,fji314r6sk,SER-FSDU-CFT-48F,119,0,952
RZ4-0-DEL-11252,RZ4-0,DEL 1 Year Fix,DEL,,fji3h9o3j2,SER-FSDU-CFT-6F,183,2740,1920
,,,,,fji37r920d,SER-FSDU-CFT-12F,183,2976,1920
,,,,,fji3mtdjhc,SER-FSDU-CFT-24F,183,4916,1920
,,,,,fji3d5df5a,SER-FSDU-CFT-48F,183,2308,1920
RM0-0-DEL-11251,RM0-0,DEL 1 Year Fix,DEL,,fji3nn6sc6,SER-FSDU-CFT-6F,172,2110,1376
,,,,,fji3pl4a03,SER-FSDU-CFT-12F,172,3065,1376
,,,,,fji3eurhir,SER-FSDU-CFT-24F,172,3130,1376
,,,,,fji3c6r9op,SER-FSDU-CFT-48F,172,3720,1376
RJ2-0-DEL-11250,RJ2-0,DEL 1 Year Fix,DEL,,fji36ck702,SER-FSDU-CFT-6F,274,7580,2232
,,,,,fji3je5u78,SER-FSDU-CFT-12F,274,2260,2232
,,,,,fji36t1ps9,SER-FSDU-CFT-24F,274,1540,2232
,,,,,fji3nf0jre,SER-FSDU-CFT-48F,274,1330,2232
RAP-0-DEL-11249,RAP-0,DEL 1 Year Fix,DEL,,fji3mcq3mb,SER-FSDU-CFT-6F,99,1690,936
,,,,,fji3r5vn45,SER-FSDU-CFT-12F,99,1770,936
,,,,,fji3omffnu,SER-FSDU-CFT-24F,99,1270,936
,,,,,fji3of0k98,SER-FSDU-CFT-48F,99,393,936
R4W-0-DEL-11248,R4W-0,DEL 1 Year Fix,DEL,Delhi,fji3kugh76,SER-FSDU-CFT-6F,190,,1520
,,,,,fji30m95em,SER-FSDU-CFT-12F,190,,1520
,,,,,fji32jeqju,SER-FSDU-CFT-24F,190,,1520
,,,,,fji3selnpq,SER-FSDU-CFT-48F,190,,1520
R3O-0-DEL-11247,R3O-0,DEL 1 Year Fix,DEL,,fji353ksu8,SER-FSDU-CFT-6F,155,2910,1240
,,,,,fji3kkagdv,SER-FSDU-CFT-12F,155,3257,1240
,,,,,fji3nivjmm,SER-FSDU-CFT-24F,155,1675,1240
,,,,,fji3jtepql,SER-FSDU-CFT-48F,155,507,1240
R2Z-0-DEL-11246,R2Z-0,DEL 1 Year Fix,DEL,,fji2l90jn3,SER-FSDU-CFT-6F,304,8970,2432
,,,,,fji2gtnl7b,SER-FSDU-CFT-12F,304,3360,2432
,,,,,fji2ckkc5q,SER-FSDU-CFT-24F,304,3540,2432
,,,,,fji26bl4df,SER-FSDU-CFT-48F,304,45,2432
R2P-0-DEL-11245,R2P-0,DEL 1 Year Fix,DEL,,fji26rnbov,SER-FSDU-CFT-6F,159,5000,1272
,,,,,fji2q8jv6v,SER-FSDU-CFT-12F,159,3000,1272
,,,,,fji2usrivv,SER-FSDU-CFT-24F,159,2400,1272
,,,,,fji25a9a57,SER-FSDU-CFT-48F,159,210,1272
R0H-0-DEL-11244,R0H-0,DEL 1 Year Fix,DEL,,fji2ta3tjn,SER-FSDU-CFT-6F,140,1701,1120
,,,,,fji2354ss0,SER-FSDU-CFT-12F,140,1296,1120
,,,,,fji2m551je,SER-FSDU-CFT-24F,140,4118,1120
,,,,,fji26777n3,SER-FSDU-CFT-48F,140,0,1120
PV3-0-DEL-11243,PV3-0,DEL 1 Year Fix,DEL,Delhi,fji25iqtdf,SER-FSDU-CFT-6F,75,958,600
,,,,,fji2asj6q1,SER-FSDU-CFT-12F,75,772,600
,,,,,fji2crmqso,SER-FSDU-CFT-24F,75,1855,600
,,,,,fji2j63lcf,SER-FSDU-CFT-48F,75,685,600
PJ1-0-DEL-11242,PJ1-0,DEL 1 Year Fix,DEL,,fji2frprdi,SER-FSDU-CFT-6F,278,2521,2224
,,,,,fji2n89546,SER-FSDU-CFT-12F,278,3410,2224
,,,,,fji262lftq,SER-FSDU-CFT-24F,278,1820,2224
,,,,,fji2tnmgeh,SER-FSDU-CFT-48F,278,236,2224
P4V-0-DEL-11241,P4V-0,DEL 1 Year Fix,DEL,,fji27jk5sb,SER-FSDU-CFT-6F,60,805,480
,,,,,fji22jl8sp,SER-FSDU-CFT-12F,60,797,480
,,,,,fji2u42j5b,SER-FSDU-CFT-24F,60,1552,480
,,,,,fji2ejjghq,SER-FSDU-CFT-48F,60,612,480
P4U-0-DEL-11240,P4U-0,DEL 1 Year Fix,DEL,,fji2739c5l,SER-FSDU-CFT-6F,146,2840,1168
,,,,,fji2u20uuv,SER-FSDU-CFT-12F,146,1900,1168
,,,,,fji2jsfojl,SER-FSDU-CFT-24F,146,4100,1168
,,,,,fji2fgqnur,SER-FSDU-CFT-48F,146,2480,1168
P3E-0-DEL-11239,P3E-0,DEL 1 Year Fix,DEL,,fji20ildsl,SER-FSDU-CFT-6F,182,3525,1456
,,,,,fji2a3eavh,SER-FSDU-CFT-12F,182,3390,1456
,,,,,fji25n1r0s,SER-FSDU-CFT-24F,182,2815,1456
,,,,,fji2s8ehi2,SER-FSDU-CFT-48F,182,1325,1456
P2C-0-DEL-11238,P2C-0,DEL 1 Year Fix,DEL,,fji224a4o5,SER-FSDU-CFT-6F,88,2317,704
,,,,,fji232u91r,SER-FSDU-CFT-12F,88,2353,704
,,,,,fji2s585e3,SER-FSDU-CFT-24F,88,2535,704
,,,,,fji2mi2ae9,SER-FSDU-CFT-48F,88,0,704
P1X-0-DEL-11237,P1X-0,DEL 1 Year Fix,DEL,,fji1n35ih8,SER-FSDU-CFT-6F,114,1987.0; 2240.0,912
,,,,,fji16v4bbo,SER-FSDU-CFT-12F,114,1880.0; 2051.0,912
,,,,,fji1hc7p79,SER-FSDU-CFT-24F,114,3280.0; 3576.0,912
,,,,,fji14g2saj,SER-FSDU-CFT-48F,114,831.0; 1350.0,912
OL4-0-DEL-11236,OL4-0,DEL 1 Year Fix,DEL,Delhi,fji1re0en5,SER-FSDU-CFT-6F,58,1106,880
,,,,,fji1ei2kf4,SER-FSDU-CFT-12F,58,870,880
,,,,,fji1d3vlml,SER-FSDU-CFT-24F,58,950,880
,,,,,fji1a2sihc,SER-FSDU-CFT-48F,58,1360,880
NZX-0-DEL-11235,NZX-0,DEL 1 Year Fix,DEL,,fji19gdaun,SER-FSDU-CFT-6F,338,8230,2704
,,,,,fji1nkmufb,SER-FSDU-CFT-12F,338,7745,2704
,,,,,fji1rk65if,SER-FSDU-CFT-24F,338,5160,2704
,,,,,fji1mevnfu,SER-FSDU-CFT-48F,338,810,2704
NXZ-0-DEL-11234,NXZ-0,DEL 1 Year Fix,DEL,,fji19ki45k,SER-FSDU-CFT-6F,133,2738,1104
,,,,,fji11dks54,SER-FSDU-CFT-12F,133,3195,1104
,,,,,fji1v5893b,SER-FSDU-CFT-24F,133,2160,1104
,,,,,fji19qcrn0,SER-FSDU-CFT-48F,133,0,1104
NXS-0-DEL-11233,NXS-0,DEL 1 Year Fix,DEL,,fji1ucv98m,SER-FSDU-CFT-6F,311,6965,2488
,,,,,fji1pug1nd,SER-FSDU-CFT-12F,311,7960,2488
,,,,,fji1t7qnl7,SER-FSDU-CFT-24F,311,6710,2488
,,,,,fji1ti1nef,SER-FSDU-CFT-48F,311,300,2488
NX0-0-DEL-11232,NX0-0,DEL 1 Year Fix,DEL,,fji13vcel7,SER-FSDU-CFT-6F,216,3264,1728
,,,,,fji1s80uu5,SER-FSDU-CFT-12F,216,3795,1728
,,,,,fji1j46h45,SER-FSDU-CFT-24F,216,6618,1728
,,,,,fji1t6naad,SER-FSDU-CFT-48F,216,3173,1728
NU0-0-DEL-11231,NU0-0,DEL 1 Year Fix,DEL,,fji11e989f,SER-FSDU-CFT-6F,219,3985,2488
,,,,,fji15o9do5,SER-FSDU-CFT-12F,219,4325,2488
,,,,,fji13jl3m6,SER-FSDU-CFT-24F,219,2764,2488
,,,,,fji156b9tf,SER-FSDU-CFT-48F,219,3826,2488
NS0-0-DEL-11230,NS0-0,DEL 1 Year Fix,DEL,,fji10teh2h,SER-FSDU-CFT-6F,190,3370,1632
,,,,,fji1mqhvlq,SER-FSDU-CFT-12F,190,2908,1632
,,,,,fji1fq0e5c,SER-FSDU-CFT-24F,190,5633,1632
,,,,,fji10piv8d,SER-FSDU-CFT-48F,190,1345,1632
NR0-0-DEL-11229,NR0-0,DEL 1 Year Fix,DEL,,fji1f8dul7,SER-FSDU-CFT-6F,142,3080,1136
,,,,,fji1u50up7,SER-FSDU-CFT-12F,142,2022,1136
,,,,,fji1kntb5t,SER-FSDU-CFT-24F,142,3162,1136
,,,,,fji1fqf3tl,SER-FSDU-CFT-48F,142,1698,1136
NP4-0-DEL-11228,NP4-0,DEL 1 Year Fix,DEL,Delhi,fji0m7977o,SER-FSDU-CFT-6F,267,3455,2136
,,,,,fji0j7gevr,SER-FSDU-CFT-12F,267,3361,2136
,,,,,fji08ns8a9,SER-FSDU-CFT-24F,267,5796,2136
,,,,,fji009rcav,SER-FSDU-CFT-48F,267,4620,2136
NH0-0-DEL-11227,NH0-0,DEL 1 Year Fix,DEL,,fji05qso1b,SER-FSDU-CFT-6F,64,825.0; 837.0,512
,,,,,fji071ni52,SER-FSDU-CFT-12F,64,816.0; 1001.0,512
,,,,,fji0cen200,SER-FSDU-CFT-24F,64,1318.0; 1869.0,512
,,,,,fji02pqvnd,SER-FSDU-CFT-48F,64,532.0; 633.0,512
N3T-0-DEL-11226,N3T-0,DEL 1 Year Fix,DEL,,fji0pq9gp9,SER-FSDU-CFT-6F,229,3222,1840
,,,,,fji0r22t6t,SER-FSDU-CFT-12F,229,2261,1840
,,,,,fji01bv17p,SER-FSDU-CFT-24F,229,4429,1840
,,,,,fji0c9418r,SER-FSDU-CFT-48F,229,2466,1840
N2X-0-DEL-11225,N2X-0,DEL 1 Year Fix,DEL,,fji0fat590,SER-FSDU-CFT-6F,60,1006,480
,,,,,fji01pcq4a,SER-FSDU-CFT-12F,60,1422,480
,,,,,fji0n790eb,SER-FSDU-CFT-24F,60,1324,480
,,,,,fji0suc600,SER-FSDU-CFT-48F,60,0,480
N2P-0-DEL-11224,N2P-0,DEL 1 Year Fix,DEL,,fji0t3lad5,SER-FSDU-CFT-6F,307,10520,2472
,,,,,fji0hk17q5,SER-FSDU-CFT-12F,307,3010,2472
,,,,,fji0ei4v54,SER-FSDU-CFT-24F,307,1780,2472
,,,,,fji0asc8dl,SER-FSDU-CFT-48F,307,800.0; 1707.0,2472
MN0-0-DEL-11223,MN0-0,DEL 1 Year Fix,DEL,,fji0jf7jpe,SER-FSDU-CFT-6F,116,1420,928
,,,,,fji06c1noj,SER-FSDU-CFT-12F,116,1060,928
,,,,,fji0d80nkp,SER-FSDU-CFT-24F,116,3088,928
,,,,,fji0oq7h7g,SER-FSDU-CFT-48F,116,815,928
MB2-0-DEL-11222,MB2-0,DEL 1 Year Fix,DEL,,fji0ioq0df,SER-FSDU-CFT-6F,33,1750,280
,,,,,fji0kn5ibs,SER-FSDU-CFT-12F,33,390,280
,,,,,fji0phif8n,SER-FSDU-CFT-24F,33,600,280
,,,,,fji0t7pd12,SER-FSDU-CFT-48F,33,0,280
M2P-0-DEL-11221,M2P-0,DEL 1 Year Fix,DEL,,fji06u2v5q,SER-FSDU-CFT-6F,90,1308,720
,,,,,fji0074ib1,SER-FSDU-CFT-12F,90,996,720
,,,,,fji09k19nm,SER-FSDU-CFT-24F,90,600,720
,,,,,fji0bkj6a8,SER-FSDU-CFT-48F,90,0,720
M1U-0-DEL-11220,M1U-0,DEL 1 Year Fix,DEL,,fji081khe2,SER-FSDU-CFT-6F,228,1422,1824
,,,,,fji0df7uts,SER-FSDU-CFT-12F,228,2505,1824
,,,,,fji0caj2mp,SER-FSDU-CFT-24F,228,1236,1824
,,,,,fji0e4mfn5,SER-FSDU-CFT-48F,228,208,1824
M1G-0-DEL-11219,M1G-0,DEL 1 Year Fix,DEL,,fjhvckfk3h,SER-FSDU-CFT-6F,150,1640,1200
,,,,,fjhv9dt5di,SER-FSDU-CFT-12F,150,1680,1200
,,,,,fjhvgri6je,SER-FSDU-CFT-24F,150,3200,1200
,,,,,fjhvstv315,SER-FSDU-CFT-48F,150,2130,1200
M0R-0-DEL-11218,M0R-0,DEL 1 Year Fix,DEL,,fjhvgogefh,SER-FSDU-CFT-6F,125,2022,1000
,,,,,fjhvbl74t4,SER-FSDU-CFT-12F,125,1951,1000
,,,,,fjhv4i5fm2,SER-FSDU-CFT-24F,125,2528,1000
,,,,,fjhv7nocra,SER-FSDU-CFT-48F,125,870,1000
M0N-0-DEL-11217,M0N-0,DEL 1 Year Fix,DEL,,fjhvl36d92,SER-FSDU-CFT-6F,141,1988,1208
,,,,,fjhvorr14d,SER-FSDU-CFT-12F,141,2138,1208
,,,,,fjhvqptqmq,SER-FSDU-CFT-24F,141,3366,1208
,,,,,fjhvbp1gh1,SER-FSDU-CFT-48F,141,1458,1208
M0H-0-DEL-11216,M0H-0,DEL 1 Year Fix,DEL,,fjhv0q700u,SER-FSDU-CFT-6F,207,1835.0; 2268.0,1656
,,,,,fjhv4bvq1d,SER-FSDU-CFT-12F,207,1540.0; 2526.0,1656
,,,,,fjhveus687,SER-FSDU-CFT-24F,207,2480.0; 4615.0,1656
,,,,,fjhvunf92d,SER-FSDU-CFT-48F,207,822.0; 1000.0,1656
M0G-0-DEL-11215,M0G-0,DEL 1 Year Fix,DEL,,fjhvbg1pr5,SER-FSDU-CFT-6F,84,1791,1024
,,,,,fjhvm6jfpl,SER-FSDU-CFT-12F,84,2141,1024
,,,,,fjhvteujeh,SER-FSDU-CFT-24F,84,801,1024
,,,,,fjhvru6rba,SER-FSDU-CFT-48F,84,617,1024
LB4-0-DEL-11214,LB4-0,DEL 1 Year Fix,DEL,,fjhvelgjq7,SER-FSDU-CFT-6F,148,2293,1184
,,,,,fjhvp4iva5,SER-FSDU-CFT-12F,148,1903,1184
,,,,,fjhv7nc88s,SER-FSDU-CFT-24F,148,4113,1184
,,,,,fjhvrs22qr,SER-FSDU-CFT-48F,148,2201,1184
KZC-0-DEL-11213,KZC-0,DEL 1 Year Fix,DEL,Delhi,fjhvh94em9,SER-FSDU-CFT-6F,87,1305,1424
,,,,,fjhvbc55aj,SER-FSDU-CFT-12F,87,940,1424
,,,,,fjhvm3j55e,SER-FSDU-CFT-24F,87,1155,1424
,,,,,fjhvmvpm1b,SER-FSDU-CFT-48F,87,725,1424
KXW-0-DEL-11212,KXW-0,DEL 1 Year Fix,DEL,,fjhvgihke3,SER-FSDU-CFT-6F,237,5500,1896
,,,,,fjhvmrck29,SER-FSDU-CFT-12F,237,5800,1896
,,,,,fjhv43m8ca,SER-FSDU-CFT-24F,237,3550,1896
,,,,,fjhvh9g4n1,SER-FSDU-CFT-48F,237,690,1896
KV2-0-DEL-11211,KV2-0,DEL 1 Year Fix,DEL,,fjhujls3g4,SER-FSDU-CFT-6F,274,8800,2760
,,,,,fjhuhg4e0u,SER-FSDU-CFT-12F,274,2800,2760
,,,,,fjhuu5r36e,SER-FSDU-CFT-24F,274,2200,2760
,,,,,fjhu9npc2h,SER-FSDU-CFT-48F,274,470,2760
KN0-0-DEL-11210,KN0-0,DEL 1 Year Fix,DEL,,fjhutiikpt,SER-FSDU-CFT-6F,84,1060,1000
,,,,,fjhuo4e9sb,SER-FSDU-CFT-12F,84,1290,1000
,,,,,fjhu0umsgc,SER-FSDU-CFT-24F,84,110,1000
,,,,,fjhudmtqjs,SER-FSDU-CFT-48F,84,830,1000
KK4-0-DEL-11209,KK4-0,DEL 1 Year Fix,DEL,,fjhud3a247,SER-FSDU-CFT-6F,128,2520,1024
,,,,,fjhukl3ift,SER-FSDU-CFT-12F,128,2011,1024
,,,,,fjhu7ugh6k,SER-FSDU-CFT-24F,128,2598,1024
,,,,,fjhuam62mc,SER-FSDU-CFT-48F,128,2978,1024
KA2-0-DEL-11208,KA2-0,DEL 1 Year Fix,DEL,,fjhusa4eva,SER-FSDU-CFT-6F,202,6380,1952
,,,,,fjhuigcjbv,SER-FSDU-CFT-12F,202,2700,1952
,,,,,fjhu7avqqi,SER-FSDU-CFT-24F,202,1550,1952
,,,,,fjhudlsj5i,SER-FSDU-CFT-48F,202,0,1952
K4S-0-DEL-11207,K4S-0,DEL 1 Year Fix,DEL,,fjhum509qr,SER-FSDU-CFT-6F,252,4905,2016
,,,,,fjhusdv8j4,SER-FSDU-CFT-12F,252,2305,2016
,,,,,fjhu3ugd7o,SER-FSDU-CFT-24F,252,3856,2016
,,,,,fjhunqois2,SER-FSDU-CFT-48F,252,1112,2016
K4N-0-DEL-11206,K4N-0,DEL 1 Year Fix,DEL,Delhi,fjhu86rld7,SER-FSDU-CFT-6F,200,2482,1600
,,,,,fjhuu5300i,SER-FSDU-CFT-12F,200,1965,1600
,,,,,fjhug87b31,SER-FSDU-CFT-24F,200,3616,1600
,,,,,fjhuj225bs,SER-FSDU-CFT-48F,200,2637,1600
K1Q-0-DEL-11205,K1Q-0,DEL 1 Year Fix,DEL,,fjhuc4o322,SER-FSDU-CFT-6F,73,1455,616
,,,,,fjhugi05oh,SER-FSDU-CFT-12F,73,1817,616
,,,,,fjhu9q62n9,SER-FSDU-CFT-24F,73,1141,616
,,,,,fjhu1mkoa9,SER-FSDU-CFT-48F,73,807,616
K1I-0-DEL-11204,K1I-0,DEL 1 Year Fix,DEL,,fjhuusg2ru,SER-FSDU-CFT-6F,77,1270,1000
,,,,,fjhu0bbvfl,SER-FSDU-CFT-12F,77,1415,1000
,,,,,fjhub20ep5,SER-FSDU-CFT-24F,77,1940,1000
,,,,,fjhu6rgodg,SER-FSDU-CFT-48F,77,415,1000
K0S-0-DEL-11203,K0S-0,DEL 1 Year Fix,DEL,Delhi,fjhug0umsd,SER-FSDU-CFT-6F,85,1087,680
,,,,,fjhujqp9nv,SER-FSDU-CFT-12F,85,1296,680
,,,,,fjhud2gso5,SER-FSDU-CFT-24F,85,1976,680
,,,,,fjhup7f9qb,SER-FSDU-CFT-48F,85,833,680
JL3-0-DEL-11202,JL3-0,DEL 1 Year Fix,DEL,,fjhuubcnap,SER-FSDU-CFT-6F,99,5334,856
,,,,,fjhue3t45e,SER-FSDU-CFT-12F,99,5587,856
,,,,,fjhuk6m5u9,SER-FSDU-CFT-24F,99,4518,856
,,,,,fjhuq6cvqj,SER-FSDU-CFT-48F,99,288,856
J4U-0-DEL-11201,J4U-0,DEL 1 Year Fix,DEL,,fjht5qg8kj,SER-FSDU-CFT-6F,210,1735,1680
,,,,,fjht79ciae,SER-FSDU-CFT-12F,210,1865,1680
,,,,,fjhts21s7p,SER-FSDU-CFT-24F,210,2440,1680
,,,,,fjhte910ku,SER-FSDU-CFT-48F,210,1100,1680
J3R-0-DEL-11200,J3R-0,DEL 1 Year Fix,DEL,,fjhtr61ckq,SER-FSDU-CFT-6F,353,3215,2824
,,,,,fjht6i14u1,SER-FSDU-CFT-12F,353,3330,2824
,,,,,fjht0l7od0,SER-FSDU-CFT-24F,353,5375,2824
,,,,,fjhte0d9v9,SER-FSDU-CFT-48F,353,3000,2824
J3N-0-DEL-11199,J3N-0,DEL 1 Year Fix,DEL,,fjhttouovj,SER-FSDU-CFT-6F,74,1130,672
,,,,,fjhth036e1,SER-FSDU-CFT-12F,74,1142,672
,,,,,fjht75a6cq,SER-FSDU-CFT-24F,74,1751,672
,,,,,fjht2s454q,SER-FSDU-CFT-48F,74,870,672
J3J-0-DEL-11198,J3J-0,DEL 1 Year Fix,DEL,,fjht5ort6q,SER-FSDU-CFT-6F,362,246.0; 11200.0,3976
,,,,,fjhtptbf4i,SER-FSDU-CFT-12F,362,4300,3976
,,,,,fjht34i6rn,SER-FSDU-CFT-24F,362,3000,3976
,,,,,fjht105iq4,SER-FSDU-CFT-48F,362,650,3976
J3D-0-DEL-11197,J3D-0,DEL 1 Year Fix,DEL,,fjhthcdihc,SER-FSDU-CFT-6F,362,194.0; 7000.0,2896
,,,,,fjht15eun1,SER-FSDU-CFT-12F,362,140.0; 3800.0,2896
,,,,,fjhtvp6u18,SER-FSDU-CFT-24F,362,194.0; 2200.0,2896
,,,,,fjhtumrgjv,SER-FSDU-CFT-48F,362,300,2896
J3C-0-DEL-11196,J3C-0,DEL 1 Year Fix,DEL,,fjhtsb88bh,SER-FSDU-CFT-6F,216,6400,3432
,,,,,fjhttcbb3h,SER-FSDU-CFT-12F,216,3400,3432
,,,,,fjhtvlhmdf,SER-FSDU-CFT-24F,216,1100,3432
,,,,,fjht436bq5,SER-FSDU-CFT-48F,216,270,3432
J2E-0-DEL-11195,J2E-0,DEL 1 Year Fix,DEL,,fjhtas7bg7,SER-FSDU-CFT-6F,314,6304,2512
,,,,,fjhtfabo5t,SER-FSDU-CFT-12F,314,6600,2512
,,,,,fjhtie9fnh,SER-FSDU-CFT-24F,314,3954,2512
,,,,,fjhtsema8t,SER-FSDU-CFT-48F,314,1128,2512
J1X-0-DEL-11194,J1X-0,DEL 1 Year Fix,DEL,,fjhtnjgg16,SER-FSDU-CFT-6F,306,6527,2448
,,,,,fjht7q4uvu,SER-FSDU-CFT-12F,306,6054,2448
,,,,,fjhtre2ljn,SER-FSDU-CFT-24F,306,11850,2448
,,,,,fjhtsesch4,SER-FSDU-CFT-48F,306,4012,2448
J1H-0-DEL-11193,J1H-0,DEL 1 Year Fix,DEL,,fjhte9rg78,SER-FSDU-CFT-6F,250,2350,2000
,,,,,fjht6i1q2r,SER-FSDU-CFT-12F,250,2450,2000
,,,,,fjhtb4fje7,SER-FSDU-CFT-24F,250,3780,2000
,,,,,fjhtcu27j1,SER-FSDU-CFT-48F,250,2100,2000
J1G-0-DEL-11192,J1G-0,DEL 1 Year Fix,DEL,,fjhs3gjdfh,SER-FSDU-CFT-6F,216,1730,1728
,,,,,fjhsg8medp,SER-FSDU-CFT-12F,216,1820,1728
,,,,,fjhsktb27s,SER-FSDU-CFT-24F,216,3530,1728
,,,,,fjhs4ff2uc,SER-FSDU-CFT-48F,216,1255,1728
J0N-0-DEL-11191,J0N-0,DEL 1 Year Fix,DEL,,fjhsl742i3,SER-FSDU-CFT-6F,238,2109.0; 3891.0,1904
,,,,,fjhsivid0n,SER-FSDU-CFT-12F,238,1885.0; 3703.0,1904
,,,,,fjhsvs5ca3,SER-FSDU-CFT-24F,238,3276.0; 4716.0,1904
,,,,,fjhsj4c4ao,SER-FSDU-CFT-48F,238,921.0; 3220.0,1904
HV0-0-DEL-11190,HV0-0,DEL 1 Year Fix,DEL,Delhi,fjhs1f1pnn,SER-FSDU-CFT-6F,48,740,384
,,,,,fjhsnec9a9,SER-FSDU-CFT-12F,48,630,384
,,,,,fjhs6lvapd,SER-FSDU-CFT-24F,48,1250,384
,,,,,fjhs7b93fr,SER-FSDU-CFT-48F,48,500,384
HK4-0-DEL-11189,HK4-0,DEL 1 Year Fix,DEL,,fjhsba8bco,SER-FSDU-CFT-6F,76,1617.0; 5070.0,816
,,,,,fjhsb9fbe3,SER-FSDU-CFT-12F,76,1556.0; 4475.0,816
,,,,,fjhsf2fr12,SER-FSDU-CFT-24F,76,3521.0; 4095.0,816
,,,,,fjhs26bv07,SER-FSDU-CFT-48F,76,786,816
HI3-0-DEL-11188,HI3-0,DEL 1 Year Fix,DEL,,fjhst3sp4l,SER-FSDU-CFT-6F,44,700,352
,,,,,fjhsf59jvm,SER-FSDU-CFT-12F,44,1450,352
,,,,,fjhsat9brl,SER-FSDU-CFT-24F,44,680,352
,,,,,fjhsve96d5,SER-FSDU-CFT-48F,44,0,352
HE3-0-DEL-11187,HE3-0,DEL 1 Year Fix,DEL,,fjhsfrs23a,SER-FSDU-CFT-6F,93,3080,1448
,,,,,fjhs8pd2u4,SER-FSDU-CFT-12F,93,1960,1448
,,,,,fjhsiqi57e,SER-FSDU-CFT-24F,93,1400,1448
,,,,,fjhs90hh51,SER-FSDU-CFT-48F,93,10685.5,1448
HE2-0-DEL-11186,HE2-0,DEL 1 Year Fix,DEL,,fjhs5b1rqv,SER-FSDU-CFT-6F,352,15220,2816
,,,,,fjhs899lta,SER-FSDU-CFT-12F,352,6335,2816
,,,,,fjhseuiumb,SER-FSDU-CFT-24F,352,3960,2816
,,,,,fjhs30vpom,SER-FSDU-CFT-48F,352,525,2816
HD2-0-DEL-11185,HD2-0,DEL 1 Year Fix,DEL,Delhi,fjhspdfe03,SER-FSDU-CFT-6F,177,,1600
,,,,,fjhsoah359,SER-FSDU-CFT-12F,177,,1600
,,,,,fjhsd41o3v,SER-FSDU-CFT-24F,177,,1600
,,,,,fjhs40nh0l,SER-FSDU-CFT-48F,177,,1600
HA4-0-DEL-11184,HA4-0,DEL 1 Year Fix,DEL,,fjhs8e2g9a,SER-FSDU-CFT-6F,89,1100.0; 1776.0,824
,,,,,fjhs3bboer,SER-FSDU-CFT-12F,89,1550.0; 1841.0,824
,,,,,fjhsb29ag2,SER-FSDU-CFT-24F,89,1215.0; 3776.0,824
,,,,,fjhs1f2obi,SER-FSDU-CFT-48F,89,0,824
H3S-0-DEL-11183,H3S-0,DEL 1 Year Fix,DEL,,fjhr0eiovl,SER-FSDU-CFT-6F,167,2558,1368
,,,,,fjhrp998ed,SER-FSDU-CFT-12F,167,2632,1368
,,,,,fjhr0slv8s,SER-FSDU-CFT-24F,167,4036,1368
,,,,,fjhr589u83,SER-FSDU-CFT-48F,167,2240,1368
H3N-0-DEL-11182,H3N-0,DEL 1 Year Fix,DEL,,fjhrbeh34i,SER-FSDU-CFT-6F,199,4540,2176
,,,,,fjhr36v171,SER-FSDU-CFT-12F,199,3275,2176
,,,,,fjhrldj1ps,SER-FSDU-CFT-24F,199,2045,2176
,,,,,fjhrgs2chq,SER-FSDU-CFT-48F,199,515,2176
H3J-0-DEL-11181,H3J-0,DEL 1 Year Fix,DEL,,fjhrq2vfv3,SER-FSDU-CFT-6F,202,3151,1616
,,,,,fjhrt307tm,SER-FSDU-CFT-12F,202,1447,1616
,,,,,fjhrql08oe,SER-FSDU-CFT-24F,202,3338,1616
,,,,,fjhrai3gof,SER-FSDU-CFT-48F,202,0,1616
H3F-0-DEL-11180,H3F-0,DEL 1 Year Fix,DEL,,fjhrv2a0c7,SER-FSDU-CFT-6F,160,7400,1280
,,,,,fjhrdo3bjh,SER-FSDU-CFT-12F,160,3140,1280
,,,,,fjhri5n7bt,SER-FSDU-CFT-24F,160,1990,1280
,,,,,fjhrlg9p2o,SER-FSDU-CFT-48F,160,155,1280
H3D-0-DEL-11179,H3D-0,DEL 1 Year Fix,DEL,,fjhrf0uak2,SER-FSDU-CFT-6F,62,1021,736
,,,,,fjhr8fpo3n,SER-FSDU-CFT-12F,62,948,736
,,,,,fjhrn1jet5,SER-FSDU-CFT-24F,62,777,736
,,,,,fjhr5bgnin,SER-FSDU-CFT-48F,62,0,736
H2F-0-DEL-11178,H2F-0,DEL 1 Year Fix,DEL,,fjhrjg87s5,SER-FSDU-CFT-6F,153,2760,1224
,,,,,fjhrrjkleb,SER-FSDU-CFT-12F,153,2580,1224
,,,,,fjhr6cilll,SER-FSDU-CFT-24F,153,1980,1224
,,,,,fjhrkmilko,SER-FSDU-CFT-48F,153,1350,1224
GWX-0-DEL-11177,GWX-0,DEL 1 Year Fix,DEL,,fjhr42ir99,SER-FSDU-CFT-6F,69,4745,1104
,,,,,fjhrnfc1dm,SER-FSDU-CFT-12F,69,3071,1104
,,,,,fjhrsadqvo,SER-FSDU-CFT-24F,69,1000,1104
,,,,,fjhr9a975s,SER-FSDU-CFT-48F,69,0,1104
GUY-0-DEL-11176,GUY-0,DEL 1 Year Fix,DEL,,fjhr6e6n49,SER-FSDU-CFT-6F,65,115.0; 825.0,520
,,,,,fjhrbg0chq,SER-FSDU-CFT-12F,65,85.0; 740.0,520
,,,,,fjhrtrl73u,SER-FSDU-CFT-24F,65,200.0; 1740.0,520
,,,,,fjhr3bhqhs,SER-FSDU-CFT-48F,65,50,520
GUV-0-DEL-11175,GUV-0,DEL 1 Year Fix,DEL,,fjhrh5qr38,SER-FSDU-CFT-6F,38,1025,304
,,,,,fjhr97ujke,SER-FSDU-CFT-12F,38,840,304
,,,,,fjhr80jp6u,SER-FSDU-CFT-24F,38,1265,304
,,,,,fjhr3ahj43,SER-FSDU-CFT-48F,38,0,304
GSP-0-DEL-11174,GSP-0,DEL 1 Year Fix,DEL,,fjhq6fi5ch,SER-FSDU-CFT-6F,25,1700,200
,,,,,fjhqttmaeq,SER-FSDU-CFT-12F,25,460,200
,,,,,fjhqptvtd3,SER-FSDU-CFT-24F,25,0,200
,,,,,fjhq6i42lq,SER-FSDU-CFT-48F,25,0,200
GSC-0-DEL-11173,GSC-0,DEL 1 Year Fix,DEL,,fjhq42gfuu,SER-FSDU-CFT-6F,12,330,96
,,,,,fjhqb0edib,SER-FSDU-CFT-12F,12,300,96
,,,,,fjhqc7sb0a,SER-FSDU-CFT-24F,12,0,96
,,,,,fjhqq09jjg,SER-FSDU-CFT-48F,12,0,96
GPN-0-DEL-11172,GPN-0,DEL 1 Year Fix,DEL,,fjhqh3dnh3,SER-FSDU-CFT-6F,32,308.0; 3453.0,512
,,,,,fjhq1dkjhq,SER-FSDU-CFT-12F,32,233.0; 2067.0,512
,,,,,fjhqcqthan,SER-FSDU-CFT-24F,32,76,512
,,,,,fjhqcg4lou,SER-FSDU-CFT-48F,32,0,512
GPE-1-DEL-11171,GPE-1,DEL 1 Year Fix,DEL,,fjhq3jsuhk,SER-FSDU-CFT-6F,40,0,320
,,,,,fjhq1e7e33,SER-FSDU-CFT-12F,40,0,320
,,,,,fjhqdlqtia,SER-FSDU-CFT-24F,40,0,320
,,,,,fjhqvedc1u,SER-FSDU-CFT-48F,40,0,320
GPE-0-DEL-11170,GPE-0,DEL 1 Year Fix,DEL,,fjhq7iu58n,SER-FSDU-CFT-6F,106,120.0; 1467.0; 4266.0,848
,,,,,fjhqja8icp,SER-FSDU-CFT-12F,106,235.0; 1000.0; 2600.0,848
,,,,,fjhq2phb7e,SER-FSDU-CFT-24F,106,1936.0; 3865.0,848
,,,,,fjhqpnqsro,SER-FSDU-CFT-48F,106,0,848
GP5-0-DEL-11169,GP5-0,DEL 1 Year Fix,DEL,,fjhqb7lt88,SER-FSDU-CFT-6F,29,2148,232
,,,,,fjhqlu9mlv,SER-FSDU-CFT-12F,29,101,232
,,,,,fjhq4246hv,SER-FSDU-CFT-24F,29,457,232
,,,,,fjhqd2r3ki,SER-FSDU-CFT-48F,29,0,232
GOR-0-DEL-11168,GOR-0,DEL 1 Year Fix,DEL,,fjhq36smpd,SER-FSDU-CFT-6F,75,3760.0; 5384.0,1200
,,,,,fjhqdggsvm,SER-FSDU-CFT-12F,75,2720.0; 3308.0,1200
,,,,,fjhqrfgfcn,SER-FSDU-CFT-24F,75,146.0; 503.0,1200
,,,,,fjhq6fv9cq,SER-FSDU-CFT-48F,75,0,1200
GNW-1-DEL-11167,GNW-1,DEL 1 Year Fix,DEL,,fjhq49v2nq,SER-FSDU-CFT-6F,90,0,1440
,,,,,fjhq3ar616,SER-FSDU-CFT-12F,90,0,1440
,,,,,fjhqrkb1r0,SER-FSDU-CFT-24F,90,0,1440
,,,,,fjhqdaarhj,SER-FSDU-CFT-48F,90,0,1440
GNW-0-DEL-11166,GNW-0,DEL 1 Year Fix,DEL,,fjhqq577et,SER-FSDU-CFT-6F,78,1500.0; 5500.0; 5605.0,1248
,,,,,fjhqvgnpe4,SER-FSDU-CFT-12F,78,1500.0; 3031.0,1248
,,,,,fjhqc0s6g2,SER-FSDU-CFT-24F,78,1242.0; 1500.0,1248
,,,,,fjhq56t67p,SER-FSDU-CFT-48F,78,0,1248
GNU-0-DEL-11165,GNU-0,DEL 1 Year Fix,DEL,,fjhp3lmf0f,SER-FSDU-CFT-6F,12,426,152
,,,,,fjhp7jtn03,SER-FSDU-CFT-12F,12,141,152
,,,,,fjhpfo1qpl,SER-FSDU-CFT-24F,12,383,152
,,,,,fjhpki2g7r,SER-FSDU-CFT-48F,12,0,152
GN3-0-DEL-11164,GN3-0,DEL 1 Year Fix,DEL,,fjhpohmsah,SER-FSDU-CFT-6F,48,2520,768
,,,,,fjhpha9hao,SER-FSDU-CFT-12F,48,500,768
,,,,,fjhpeueq9a,SER-FSDU-CFT-24F,48,600,768
,,,,,fjhppimmch,SER-FSDU-CFT-48F,48,0,768
GMT-0-DEL-11163,GMT-0,DEL 1 Year Fix,DEL,,fjhpcrshk8,SER-FSDU-CFT-6F,99,6960,1584
,,,,,fjhp1ngavp,SER-FSDU-CFT-12F,99,3710,1584
,,,,,fjhpkpsr91,SER-FSDU-CFT-24F,99,480,1584
,,,,,fjhpghps7j,SER-FSDU-CFT-48F,99,0,1584
GMA-0-DEL-11162,GMA-0,DEL 1 Year Fix,DEL,Delhi,fjhp6shbgm,SER-FSDU-CFT-6F,784,,78
,,,,,fjhpck5s0r,SER-FSDU-CFT-12F,784,,78
,,,,,fjhprn71md,SER-FSDU-CFT-24F,784,,78
,,,,,fjhpt0njsm,SER-FSDU-CFT-48F,784,,78
GKR-0-DEL-11161,GKR-0,DEL 1 Year Fix,DEL,,fjhpr6qdov,SER-FSDU-CFT-6F,118,1647.0; 2370.0; 2920.0,1896
,,,,,fjhprf317v,SER-FSDU-CFT-12F,118,1504.0; 1647.0; 4135.0,1896
,,,,,fjhpmh4n30,SER-FSDU-CFT-24F,118,1567.0; 1608.0; 1647.0,1896
,,,,,fjhphrjc1o,SER-FSDU-CFT-48F,118,0,1896
GKD-0-DEL-11160,GKD-0,DEL 1 Year Fix,DEL,,fjhpktbeuv,SER-FSDU-CFT-6F,16,1663,128
,,,,,fjhpn7n84q,SER-FSDU-CFT-12F,16,475,128
,,,,,fjhp3erlpe,SER-FSDU-CFT-24F,16,766,128
,,,,,fjhp1897bd,SER-FSDU-CFT-48F,16,0,128
GJU-0-DEL-11159,GJU-0,DEL 1 Year Fix,DEL,,fjhpqd4do7,SER-FSDU-CFT-6F,48,3000,768
,,,,,fjhpsk81gf,SER-FSDU-CFT-12F,48,800,768
,,,,,fjhpsjt346,SER-FSDU-CFT-24F,48,1300,768
,,,,,fjhp4eug19,SER-FSDU-CFT-48F,48,0,768
GJR-0-DEL-11158,GJR-0,DEL 1 Year Fix,DEL,,fjhpfg1fab,SER-FSDU-CFT-6F,72,4883,1152
,,,,,fjhpaou00s,SER-FSDU-CFT-12F,72,4141,1152
,,,,,fjhpd85jdb,SER-FSDU-CFT-24F,72,341,1152
,,,,,fjhpq2dpli,SER-FSDU-CFT-48F,72,0,1152
GIW-0-DEL-11157,GIW-0,DEL 1 Year Fix,DEL,,fjhofuccog,SER-FSDU-CFT-6F,40,2462,320
,,,,,fjho6a19vg,SER-FSDU-CFT-12F,40,1600,320
,,,,,fjho1ankks,SER-FSDU-CFT-24F,40,0,320
,,,,,fjhoedcrc4,SER-FSDU-CFT-48F,40,0,320
GHD-0-DEL-11156,GHD-0,DEL 1 Year Fix,DEL,,fjho7b8af7,SER-FSDU-CFT-6F,75,1966,600
,,,,,fjhodjuo7a,SER-FSDU-CFT-12F,75,2676,600
,,,,,fjhoeu068l,SER-FSDU-CFT-24F,75,1945,600
,,,,,fjho6g675f,SER-FSDU-CFT-48F,75,0,600
GEU-0-DEL-11155,GEU-0,DEL 1 Year Fix,DEL,,fjhoa45ct4,SER-FSDU-CFT-6F,26,6992,416
,,,,,fjhoh2cnq9,SER-FSDU-CFT-12F,26,675,416
,,,,,fjho39gt9l,SER-FSDU-CFT-24F,26,535,416
,,,,,fjho00gqhg,SER-FSDU-CFT-48F,26,0,416
GBR-1-DEL-11154,GBR-1,DEL 1 Year Fix,DEL,,fjho5djvrk,SER-FSDU-CFT-6F,68,0,1088
,,,,,fjhopbgmhq,SER-FSDU-CFT-12F,68,0,1088
,,,,,fjho6u2o4h,SER-FSDU-CFT-24F,68,0,1088
,,,,,fjhodh2j8i,SER-FSDU-CFT-48F,68,0,1088
GBR-0-DEL-11153,GBR-0,DEL 1 Year Fix,DEL,,fjhoec6lqn,SER-FSDU-CFT-6F,219,1440.0; 2986.0; 8077.0,3504
,,,,,fjhor3j4i3,SER-FSDU-CFT-12F,219,1285.0; 2827.0; 2986.0; 9713.0,3504
,,,,,fjhomgbs1s,SER-FSDU-CFT-24F,219,264.0; 630.0; 804.0; 2945.0,3504
,,,,,fjholgbjcr,SER-FSDU-CFT-48F,219,,3504
GA2-0-DEL-11152,GA2-0,DEL 1 Year Fix,DEL,,fjhoco3oik,SER-FSDU-CFT-6F,119,1780,952
,,,,,fjhojj6l5u,SER-FSDU-CFT-12F,119,182.0; 1670.0,952
,,,,,fjhoh6a90i,SER-FSDU-CFT-24F,119,618.0; 1290.0,952
,,,,,fjhouhk0ke,SER-FSDU-CFT-48F,119,1800,952
G4R-0-DEL-11151,G4R-0,DEL 1 Year Fix,DEL,Delhi,fjhoit0086,SER-FSDU-CFT-6F,0,0,0
,,,,,fjhoodpu6m,SER-FSDU-CFT-12F,0,,0
,,,,,fjhokkc4vm,SER-FSDU-CFT-24F,0,0,0
,,,,,fjho7883so,SER-FSDU-CFT-48F,0,,0
G4L-0-DEL-11150,G4L-0,DEL 1 Year Fix,DEL,Delhi,fjhou1dj4d,SER-FSDU-CFT-6F,162,3900,1304
,,,,,fjhoq0vitn,SER-FSDU-CFT-12F,162,4800,1304
,,,,,fjhot02uf5,SER-FSDU-CFT-24F,162,2900,1304
,,,,,fjhogrrocg,SER-FSDU-CFT-48F,162,4400,1304
G4A-0-DEL-11149,G4A-0,DEL 1 Year Fix,DEL,,fjhonojpbi,SER-FSDU-CFT-6F,159,5500,2544
,,,,,fjhoehso3j,SER-FSDU-CFT-12F,159,3500,2544
,,,,,fjhofsc3sb,SER-FSDU-CFT-24F,159,2500,2544
,,,,,fjhoppndit,SER-FSDU-CFT-48F,159,0,2544
G3S-1-DEL-11148,G3S-1,DEL 1 Year Fix,DEL,,fjhna68gke,SER-FSDU-CFT-6F,20,0,160
,,,,,fjhnmq8lma,SER-FSDU-CFT-12F,20,0,160
,,,,,fjhnddh6l0,SER-FSDU-CFT-24F,20,0,160
,,,,,fjhn1gbjac,SER-FSDU-CFT-48F,20,0,160
G3S-0-DEL-11147,G3S-0,DEL 1 Year Fix,DEL,,fjhnipe6ha,SER-FSDU-CFT-6F,76,1549.0; 8500.0,1216
,,,,,fjhnmjq34q,SER-FSDU-CFT-12F,76,717.0; 3500.0,1216
,,,,,fjhnv64lh6,SER-FSDU-CFT-24F,76,295.0; 1500.0,1216
,,,,,fjhnr4b0b5,SER-FSDU-CFT-48F,76,,1216
G3R-0-DEL-11146,G3R-0,DEL 1 Year Fix,DEL,,fjhno9g7tt,SER-FSDU-CFT-6F,88,155.0; 7200.0,1408
,,,,,fjhn08l59o,SER-FSDU-CFT-12F,88,2800,1408
,,,,,fjhnb65dnl,SER-FSDU-CFT-24F,88,850,1408
,,,,,fjhn6rskjm,SER-FSDU-CFT-48F,88,0,1408
G3D-0-DEL-11145,G3D-0,DEL 1 Year Fix,DEL,,fjhnp701e6,SER-FSDU-CFT-6F,64,4200,1024
,,,,,fjhn171trv,SER-FSDU-CFT-12F,64,1400,1024
,,,,,fjhnbn8sdd,SER-FSDU-CFT-24F,64,1500,1024
,,,,,fjhniuc3uq,SER-FSDU-CFT-48F,64,0,1024
G17-0-DEL-11144,G17-0,DEL 1 Year Fix,DEL,,fjhnghbeos,SER-FSDU-CFT-6F,53,3593,848
,,,,,fjhn4a7cd7,SER-FSDU-CFT-12F,53,1243,848
,,,,,fjhnvkvdj3,SER-FSDU-CFT-24F,53,184,848
,,,,,fjhnfqu2gv,SER-FSDU-CFT-48F,53,0,848
FZX-0-DEL-11143,FZX-0,DEL 1 Year Fix,DEL,,fjhnd4ppb1,SER-FSDU-CFT-6F,329,5510,2632
,,,,,fjhnl4ot2u,SER-FSDU-CFT-12F,329,5500,2632
,,,,,fjhnlfc1hi,SER-FSDU-CFT-24F,329,3630,2632
,,,,,fjhnlbm9np,SER-FSDU-CFT-48F,329,4230,2632
FX2-0-DEL-11142,FX2-0,DEL 1 Year Fix,DEL,,fjhnmj92md,SER-FSDU-CFT-6F,173,4890,1384
,,,,,fjhntn0no4,SER-FSDU-CFT-12F,173,5424,1384
,,,,,fjhn221c2n,SER-FSDU-CFT-24F,173,2904,1384
,,,,,fjhnj02d25,SER-FSDU-CFT-48F,173,0,1384
FP2-0-DEL-11141,FP2-0,DEL 1 Year Fix,DEL,,fjhn7phsd7,SER-FSDU-CFT-6F,275,10710,2200
,,,,,fjhn6mhduh,SER-FSDU-CFT-12F,275,3994,2200
,,,,,fjhn2gm40d,SER-FSDU-CFT-24F,275,3512,2200
,,,,,fjhnc7a05h,SER-FSDU-CFT-48F,275,0,2200
FM2-0-DEL-11140,FM2-0,DEL 1 Year Fix,DEL,,fjhndvo2fv,SER-FSDU-CFT-6F,16,1320,128
,,,,,fjhn3ointc,SER-FSDU-CFT-12F,16,102,128
,,,,,fjhnjpsvot,SER-FSDU-CFT-24F,16,223,128
,,,,,fjhnfins71,SER-FSDU-CFT-48F,16,0,128
F3T-0-DEL-11139,F3T-0,DEL 1 Year Fix,DEL,,fjhnfa8d3r,SER-FSDU-CFT-6F,125,5485,1000
,,,,,fjhneq3vvl,SER-FSDU-CFT-12F,125,1835,1000
,,,,,fjhn0gsbjr,SER-FSDU-CFT-24F,125,2075,1000
,,,,,fjhn1a98ov,SER-FSDU-CFT-48F,125,,1000
F1T-0-DEL-11138,F1T-0,DEL 1 Year Fix,DEL,,fjhmgje7nd,SER-FSDU-CFT-6F,298,5640,2384
,,,,,fjhmg6v2cj,SER-FSDU-CFT-12F,298,5640,2384
,,,,,fjhmqugebp,SER-FSDU-CFT-24F,298,3350,2384
,,,,,fjhm1597r0,SER-FSDU-CFT-48F,298,3700,2384
F02-0-DEL-11137,F02-0,DEL 1 Year Fix,DEL,,fjhmqbr9cq,SER-FSDU-CFT-6F,221,13000,3536
,,,,,fjhmd4gdiu,SER-FSDU-CFT-12F,221,5070,3536
,,,,,fjhm72o7e1,SER-FSDU-CFT-24F,221,4100,3536
,,,,,fjhmnp86tb,SER-FSDU-CFT-48F,221,45,3536
E2X-0-DEL-11136,E2X-0,DEL 1 Year Fix,DEL,,fjhm8bfi4h,SER-FSDU-CFT-6F,268,5490,2144
,,,,,fjhmdjf016,SER-FSDU-CFT-12F,268,9290,2144
,,,,,fjhm59eg0b,SER-FSDU-CFT-24F,268,3662,2144
,,,,,fjhmiffpnm,SER-FSDU-CFT-48F,268,504,2144
DX3-0-DEL-11135,DX3-0,DEL 1 Year Fix,DEL,,fjhmfr7na3,SER-FSDU-CFT-6F,213,10470,1704
,,,,,fjhmr3vjb0,SER-FSDU-CFT-12F,213,11040,1704
,,,,,fjhmcvpa30,SER-FSDU-CFT-24F,213,8990,1704
,,,,,fjhmep2267,SER-FSDU-CFT-48F,213,2660,1704
DU4-0-DEL-11134,DU4-0,DEL 1 Year Fix,DEL,,fjhmhh8fg9,SER-FSDU-CFT-6F,128,1663,952
,,,,,fjhm9usltv,SER-FSDU-CFT-12F,128,1585,952
,,,,,fjhmqgoa00,SER-FSDU-CFT-24F,128,2730,952
,,,,,fjhmdnfb1m,SER-FSDU-CFT-48F,128,1193,952
DU0-0-DEL-11133,DU0-0,DEL 1 Year Fix,DEL,,fjhmqa45ai,SER-FSDU-CFT-6F,32,602,256
,,,,,fjhmp0m24c,SER-FSDU-CFT-12F,32,774,256
,,,,,fjhma5r7qb,SER-FSDU-CFT-24F,32,1002,256
,,,,,fjhm0dt3vc,SER-FSDU-CFT-48F,32,0,256
DIM-0-DEL-11132,DIM-0,DEL 1 Year Fix,DEL,,fjhmacm7dl,SER-FSDU-CFT-6F,180,8580,1440
,,,,,fjhmmp4ldm,SER-FSDU-CFT-12F,180,7444,1440
,,,,,fjhm3vb10i,SER-FSDU-CFT-24F,180,3964,1440
,,,,,fjhmcie8ip,SER-FSDU-CFT-48F,180,0,1440
D9X-0-DEL-11131,D9X-0,DEL 1 Year Fix,DEL,Delhi,fjhmoek9h9,SER-FSDU-CFT-6F,126,1380,2016
,,,,,fjhmq2flhf,SER-FSDU-CFT-12F,126,1345,2016
,,,,,fjhmn1g0j0,SER-FSDU-CFT-24F,126,1960,2016
,,,,,fjhmt7h46o,SER-FSDU-CFT-48F,126,1517,2016
D9E-0-DEL-11130,D9E-0,DEL 1 Year Fix,DEL,Delhi,fjhmjgr0om,SER-FSDU-CFT-6F,291,3150,2512
,,,,,fjhmujcmqd,SER-FSDU-CFT-12F,291,3025,2512
,,,,,fjhmmmcjpn,SER-FSDU-CFT-24F,291,5265,2512
,,,,,fjhmiabs4c,SER-FSDU-CFT-48F,291,3100,2512
D8X-0-DEL-11129,D8X-0,DEL 1 Year Fix,DEL,Delhi,fjhlshoscl,SER-FSDU-CFT-6F,125,1340,1824
,,,,,fjhlv3oj8n,SER-FSDU-CFT-12F,125,1425,1824
,,,,,fjhlslq04f,SER-FSDU-CFT-24F,125,1925,1824
,,,,,fjhlogu1r1,SER-FSDU-CFT-48F,125,1385,1824
D3V-0-DEL-11128,D3V-0,DEL 1 Year Fix,DEL,,fjhlse2va0,SER-FSDU-CFT-6F,64,1367,512
,,,,,fjhlo8fo17,SER-FSDU-CFT-12F,64,1217,512
,,,,,fjhl9lrkob,SER-FSDU-CFT-24F,64,818,512
,,,,,fjhlp2mrbf,SER-FSDU-CFT-48F,64,0,512
D3S-0-DEL-11127,D3S-0,DEL 1 Year Fix,DEL,,fjhltnao2n,SER-FSDU-CFT-6F,319,12700,2552
,,,,,fjhl12kisj,SER-FSDU-CFT-12F,319,6300,2552
,,,,,fjhlcj1ti1,SER-FSDU-CFT-24F,319,2500,2552
,,,,,fjhljbrbq6,SER-FSDU-CFT-48F,319,420,2552
D2W-0-DEL-11126,D2W-0,DEL 1 Year Fix,DEL,,fjhlhhrclg,SER-FSDU-CFT-6F,315,7056,2520
,,,,,fjhl5ubins,SER-FSDU-CFT-12F,315,11082,2520
,,,,,fjhlf65ugn,SER-FSDU-CFT-24F,315,3702,2520
,,,,,fjhl5pp9oi,SER-FSDU-CFT-48F,315,420,2520
D0U-0-DEL-11125,D0U-0,DEL 1 Year Fix,DEL,,fjhltse693,SER-FSDU-CFT-6F,209,2854,1672
,,,,,fjhl2o0td7,SER-FSDU-CFT-12F,209,2481,1672
,,,,,fjhlhakhji,SER-FSDU-CFT-24F,209,5424,1672
,,,,,fjhl7nta7k,SER-FSDU-CFT-48F,209,1812,1672
CN3-0-DEL-11124,CN3-0,DEL 1 Year Fix,DEL,,fjhlr0linq,SER-FSDU-CFT-6F,168,443.0; 3972.0,1344
,,,,,fjhl4mbbq0,SER-FSDU-CFT-12F,168,358.0; 4404.0,1344
,,,,,fjhl8aimt1,SER-FSDU-CFT-24F,168,2460,1344
,,,,,fjhlo8f4ag,SER-FSDU-CFT-48F,168,0,1344
CH4-0-DEL-11123,CH4-0,DEL 1 Year Fix,DEL,,fjhl0tvl3a,SER-FSDU-CFT-6F,118,1480,944
,,,,,fjhloj8lgn,SER-FSDU-CFT-12F,118,1481,944
,,,,,fjhl7m4f2n,SER-FSDU-CFT-24F,118,1832,944
,,,,,fjhl4ju493,SER-FSDU-CFT-48F,118,1638,944
CH2/CN3-0-DEL-11122,CH2/CN3-0,DEL 1 Year Fix,DEL,,fjhlof1opc,SER-FSDU-CFT-6F,138,4830,1312
,,,,,fjhlig0fho,SER-FSDU-CFT-12F,138,1780,1312
,,,,,fjhl56u54k,SER-FSDU-CFT-24F,138,1730,1312
,,,,,fjhlkhvo3h,SER-FSDU-CFT-48F,138,457,1312
CH1-0-DEL-11121,CH1-0,DEL 1 Year Fix,DEL,,fjhl39nmph,SER-FSDU-CFT-6F,113,3320,936
,,,,,fjhlqpk9ga,SER-FSDU-CFT-12F,113,2750,936
,,,,,fjhl8qkaaf,SER-FSDU-CFT-24F,113,1340,936
,,,,,fjhlo5aqak,SER-FSDU-CFT-48F,113,330,936
C3K-0-DEL-11120,C3K-0,DEL 1 Year Fix,DEL,,fjhkne58dq,SER-FSDU-CFT-6F,244,8000,1960
,,,,,fjhktde5at,SER-FSDU-CFT-12F,244,3000,1960
,,,,,fjhk0p9epn,SER-FSDU-CFT-24F,244,4500,1960
,,,,,fjhk2i4a09,SER-FSDU-CFT-48F,244,0,1960
C1W-0-DEL-11119,C1W-0,DEL 1 Year Fix,DEL,,fjhk8au76m,SER-FSDU-CFT-6F,191,5347,1728
,,,,,fjhkbu2mm3,SER-FSDU-CFT-12F,191,3195.0; 4645.0,1728
,,,,,fjhk5au80j,SER-FSDU-CFT-24F,191,2927,1728
,,,,,fjhkbf1m0k,SER-FSDU-CFT-48F,191,487,1728
C1N-0-DEL-11118,C1N-0,DEL 1 Year Fix,DEL,,fjhkt5a1bk,SER-FSDU-CFT-6F,261,6402,2296
,,,,,fjhk0bihn7,SER-FSDU-CFT-12F,261,6958,2296
,,,,,fjhk105n7m,SER-FSDU-CFT-24F,261,3979,2296
,,,,,fjhk7939p7,SER-FSDU-CFT-48F,261,1141,2296
BU0-0-DEL-11117,BU0-0,DEL 1 Year Fix,DEL,,fjhkju82ur,SER-FSDU-CFT-6F,200,3250,1600
,,,,,fjhke71vdl,SER-FSDU-CFT-12F,200,3270,1600
,,,,,fjhkdvu20t,SER-FSDU-CFT-24F,200,6055,1600
,,,,,fjhkhv2qcv,SER-FSDU-CFT-48F,200,4110,1600
BT3-0-DEL-11116,BT3-0,DEL 1 Year Fix,DEL,Delhi,fjhkla4c5e,SER-FSDU-CFT-6F,123,1600,984
,,,,,fjhkl9mf1b,SER-FSDU-CFT-12F,123,1300,984
,,,,,fjhknq8b8l,SER-FSDU-CFT-24F,123,1950,984
,,,,,fjhk9p7vcn,SER-FSDU-CFT-48F,123,2050,984
BIA-0-DEL-11115,BIA-0,DEL 1 Year Fix,DEL,,fjhkij0stt,SER-FSDU-CFT-6F,159,3100,1272
,,,,,fjhkupctbd,SER-FSDU-CFT-12F,159,2880,1272
,,,,,fjhkvt21nv,SER-FSDU-CFT-24F,159,1920,1272
,,,,,fjhkdv7v29,SER-FSDU-CFT-48F,159,830,1272
BD4-0-DEL-11114,BD4-0,DEL 1 Year Fix,DEL,,fjhk9speh0,SER-FSDU-CFT-6F,42,644,384
,,,,,fjhko7ius3,SER-FSDU-CFT-12F,42,575,384
,,,,,fjhkkhta06,SER-FSDU-CFT-24F,42,1235,384
,,,,,fjhk6bie54,SER-FSDU-CFT-48F,42,0,384
BD3-0-DEL-11113,BD3-0,DEL 1 Year Fix,DEL,,fjhk78qra2,SER-FSDU-CFT-6F,51,6000,408
,,,,,fjhk304ub9,SER-FSDU-CFT-12F,51,4300,408
,,,,,fjhk990sn1,SER-FSDU-CFT-24F,51,1300,408
,,,,,fjhk9eha2l,SER-FSDU-CFT-48F,51,0,408
B3R-0-DEL-11112,B3R-0,DEL 1 Year Fix,DEL,,fjhk12qghu,SER-FSDU-CFT-6F,136,1873,1088
,,,,,fjhk303muh,SER-FSDU-CFT-12F,136,1775,1088
,,,,,fjhkn916dp,SER-FSDU-CFT-24F,136,3599,1088
,,,,,fjhki768q4,SER-FSDU-CFT-48F,136,2211,1088
B3N-0-DEL-11111,B3N-0,DEL 1 Year Fix,DEL,,fjhjecegib,SER-FSDU-CFT-6F,211,470.0; 9500.0,1688
,,,,,fjhjoku3at,SER-FSDU-CFT-12F,211,50.0; 7214.0,1688
,,,,,fjhjqnp0k7,SER-FSDU-CFT-24F,211,277.0; 11048.0,1688
,,,,,fjhjllvf0g,SER-FSDU-CFT-48F,211,0,1688
B3C-0-DEL-11110,B3C-0,DEL 1 Year Fix,DEL,,fjhji8a7r6,SER-FSDU-CFT-6F,175,12600,1400
,,,,,fjhjujaq7k,SER-FSDU-CFT-12F,175,3900,1400
,,,,,fjhj5ut52d,SER-FSDU-CFT-24F,175,4500.0; 12600.0,1400
,,,,,fjhjp589u1,SER-FSDU-CFT-48F,175,4500,1400
B2Y-0-DEL-11109,B2Y-0,DEL 1 Year Fix,DEL,,fjhj9blmb9,SER-FSDU-CFT-6F,122,3056,976
,,,,,fjhj5vrpul,SER-FSDU-CFT-12F,122,3454,976
,,,,,fjhjh20g7t,SER-FSDU-CFT-24F,122,2724,976
,,,,,fjhj8rkf20,SER-FSDU-CFT-48F,122,0,976
B2F-0-DEL-11108,B2F-0,DEL 1 Year Fix,DEL,,fjhj1v7dlu,SER-FSDU-CFT-6F,178,1569,1424
,,,,,fjhjin38ck,SER-FSDU-CFT-12F,178,2339,1424
,,,,,fjhj2oar2m,SER-FSDU-CFT-24F,178,4131,1424
,,,,,fjhjiracmf,SER-FSDU-CFT-48F,178,2330,1424
B2A-0-DEL-11107,B2A-0,DEL 1 Year Fix,DEL,,fjhj4fkc6g,SER-FSDU-CFT-6F,47,970,752
,,,,,fjhjf201jm,SER-FSDU-CFT-12F,47,730,752
,,,,,fjhj3jab4h,SER-FSDU-CFT-24F,47,0,752
,,,,,fjhj2p20uf,SER-FSDU-CFT-48F,47,1006,752
B0U-0-DEL-11106,B0U-0,DEL 1 Year Fix,DEL,,fjhjded8a0,SER-FSDU-CFT-6F,52,813,416
,,,,,fjhjvbbimh,SER-FSDU-CFT-12F,52,1308,416
,,,,,fjhju28e79,SER-FSDU-CFT-24F,52,1914,416
,,,,,fjhj30mk8l,SER-FSDU-CFT-48F,52,890,416
B0P-0-DEL-11105,B0P-0,DEL 1 Year Fix,DEL,,fjhjr533s7,SER-FSDU-CFT-6F,147,2529,1240
,,,,,fjhjvrsfov,SER-FSDU-CFT-12F,147,2699,1240
,,,,,fjhj90218q,SER-FSDU-CFT-24F,147,4181,1240
,,,,,fjhjhalt6a,SER-FSDU-CFT-48F,147,1790,1240
A3K-0-DEL-11104,A3K-0,DEL 1 Year Fix,DEL,,fjhj5emgi7,SER-FSDU-CFT-6F,283,5796,2320
,,,,,fjhjo9fdud,SER-FSDU-CFT-12F,283,6070,2320
,,,,,fjhjmnines,SER-FSDU-CFT-24F,283,4406,2320
,,,,,fjhjqn3jep,SER-FSDU-CFT-48F,283,260,2320
A3S-0-DEL-11103,A3S-0,DEL 1 Year Fix,DEL,,fjhii0ri82,SER-FSDU-CFT-6F,20,2485,320
,,,,,fjhijh6qm3,SER-FSDU-CFT-12F,20,261,320
,,,,,fjhi8250u3,SER-FSDU-CFT-24F,20,334,320
,,,,,fjhiju35oo,SER-FSDU-CFT-48F,20,0,320
A3N-0-DEL-11102,A3N-0,DEL 1 Year Fix,DEL,,fjhilp5o1r,SER-FSDU-CFT-6F,102,3100,1632
,,,,,fjhiv1urjc,SER-FSDU-CFT-12F,102,1700,1632
,,,,,fjhilmiohe,SER-FSDU-CFT-24F,102,700,1632
,,,,,fjhi5v4qn8,SER-FSDU-CFT-48F,102,,1632
3VH-0-DEL-11101,3VH-0,DEL 1 Year Fix,DEL,,fjhinq9eok,SER-FSDU-CFT-6F,240,3242,2000
,,,,,fjhi44jkmo,SER-FSDU-CFT-12F,240,4152,2000
,,,,,fjhitfknhj,SER-FSDU-CFT-24F,240,3780,2000
,,,,,fjhitth39a,SER-FSDU-CFT-48F,240,1000,2000
3RY-0-DEL-11100,3RY-0,DEL 1 Year Fix,DEL,,fjhietcvkg,SER-FSDU-CFT-6F,302,4924,2416
,,,,,fjhint18dn,SER-FSDU-CFT-12F,302,4796,2416
,,,,,fjhijbr394,SER-FSDU-CFT-24F,302,2714,2416
,,,,,fjhitceddl,SER-FSDU-CFT-48F,302,1350,2416
3RB-0-DEL-11099,3RB-0,DEL 1 Year Fix,DEL,Delhi,fjhie9t3g6,SER-FSDU-CFT-6F,58,,504
,,,,,fjhinsebtd,SER-FSDU-CFT-12F,58,,504
,,,,,fjhico68bo,SER-FSDU-CFT-24F,58,,504
,,,,,fjhicacrt3,SER-FSDU-CFT-48F,58,,504
3PP-0-DEL-11098,3PP-0,DEL 1 Year Fix,DEL,,fjhib9ek0h,SER-FSDU-CFT-6F,206,7400,1864
,,,,,fjhiem9k9a,SER-FSDU-CFT-12F,206,2400,1864
,,,,,fjhiauslb1,SER-FSDU-CFT-24F,206,1500,1864
,,,,,fjhir3aij7,SER-FSDU-CFT-48F,206,340,1864
3NY-0-DEL-11097,3NY-0,DEL 1 Year Fix,DEL,Delhi,fjhiugsaft,SER-FSDU-CFT-6F,95,1130,1392
,,,,,fjhi59kour,SER-FSDU-CFT-12F,95,805,1392
,,,,,fjhifo2bol,SER-FSDU-CFT-24F,95,540,1392
,,,,,fjhib3uhbi,SER-FSDU-CFT-48F,95,1895,1392
3NX-0-DEL-11096,3NX-0,DEL 1 Year Fix,DEL,,fjhi4tq01k,SER-FSDU-CFT-6F,190,6164,2000
,,,,,fjhir1gm1a,SER-FSDU-CFT-12F,190,2094,2000
,,,,,fjhiok7bol,SER-FSDU-CFT-24F,190,1549,2000
,,,,,fjhikf8h3c,SER-FSDU-CFT-48F,190,2294,2000
3NK-0-DEL-11095,3NK-0,DEL 1 Year Fix,DEL,,fjhilntefl,SER-FSDU-CFT-6F,245,7400,2400
,,,,,fjhicbfjlp,SER-FSDU-CFT-12F,245,2803,2400
,,,,,fjhisrlrqu,SER-FSDU-CFT-24F,245,1709,2400
,,,,,fjhidcfbj3,SER-FSDU-CFT-48F,245,2788,2400
3N9-0-DEL-11094,3N9-0,DEL 1 Year Fix,DEL,,fjhh35irl7,SER-FSDU-CFT-6F,39,1430,312
,,,,,fjhh21fl5u,SER-FSDU-CFT-12F,39,1365,312
,,,,,fjhh8shpkc,SER-FSDU-CFT-24F,39,455,312
,,,,,fjhhm2oh98,SER-FSDU-CFT-48F,39,0,312
3MS-0-DEL-11093,3MS-0,DEL 1 Year Fix,DEL,,fjhhj90gi1,SER-FSDU-CFT-6F,84,2074,704
,,,,,fjhhctevpn,SER-FSDU-CFT-12F,84,2230,704
,,,,,fjhhoegjv5,SER-FSDU-CFT-24F,84,1440,704
,,,,,fjhh989cpu,SER-FSDU-CFT-48F,84,0,704
3MH-0-DEL-11092,3MH-0,DEL 1 Year Fix,DEL,,fjhhfet7l3,SER-FSDU-CFT-6F,68,1182,544
,,,,,fjhh2qtbnd,SER-FSDU-CFT-12F,68,1634,544
,,,,,fjhherd77n,SER-FSDU-CFT-24F,68,732,544
,,,,,fjhhqt1d8v,SER-FSDU-CFT-48F,68,450,544
3LV-0-DEL-11091,3LV-0,DEL 1 Year Fix,DEL,,fjhht6cjtu,SER-FSDU-CFT-6F,214,11000,3424
,,,,,fjhhe9dnc9,SER-FSDU-CFT-12F,214,3500,3424
,,,,,fjhhh55vsq,SER-FSDU-CFT-24F,214,4418,3424
,,,,,fjhhdlahhd,SER-FSDU-CFT-48F,214,98,3424
3LM-0-DEL-11090,3LM-0,DEL 1 Year Fix,DEL,,fjhhoi9nk4,SER-FSDU-CFT-6F,204,2911.0; 3898.0,1632
,,,,,fjhhatc361,SER-FSDU-CFT-12F,204,1848.0; 4231.0,1632
,,,,,fjhhnl4lib,SER-FSDU-CFT-24F,204,1785.0; 2422.0,1632
,,,,,fjhhlplrp6,SER-FSDU-CFT-48F,204,886,1632
3KG-0-DEL-11089,3KG-0,DEL 1 Year Fix,DEL,,fjhht5girb,SER-FSDU-CFT-6F,354,6912,2832
,,,,,fjhh29vcma,SER-FSDU-CFT-12F,354,8124,2832
,,,,,fjhhijpjnb,SER-FSDU-CFT-24F,354,5012,2832
,,,,,fjhhd2js44,SER-FSDU-CFT-48F,354,1276,2832
3I5-0-DEL-11088,3I5-0,DEL 1 Year Fix,DEL,,fjhhp8m5mn,SER-FSDU-CFT-6F,205,5540,1640
,,,,,fjhhl46n0q,SER-FSDU-CFT-12F,205,5568,1640
,,,,,fjhhnmprhe,SER-FSDU-CFT-24F,205,380.0; 3666.0,1640
,,,,,fjhhkdotc5,SER-FSDU-CFT-48F,205,280,1640
3G4-0-DEL-11087,3G4-0,DEL 1 Year Fix,DEL,,fjhh3h6lbd,SER-FSDU-CFT-6F,64,498.0; 4550.0,1024
,,,,,fjhhphrok7,SER-FSDU-CFT-12F,64,1400,1024
,,,,,fjhhd7speh,SER-FSDU-CFT-24F,64,1000,1024
,,,,,fjhh5l8msn,SER-FSDU-CFT-48F,64,0,1024
3BZ-0-DEL-11086,3BZ-0,DEL 1 Year Fix,DEL,,fjhhkgfhqk,SER-FSDU-CFT-6F,109,3295,872
,,,,,fjhhpq8n31,SER-FSDU-CFT-12F,109,3410,872
,,,,,fjhh2scomd,SER-FSDU-CFT-24F,109,1930,872
,,,,,fjhhnc47bs,SER-FSDU-CFT-48F,109,664,872
3BB-0-DEL-11085,3BB-0,DEL 1 Year Fix,DEL,,fjhhafnicg,SER-FSDU-CFT-6F,44,1384,704
,,,,,fjhhqp2n5a,SER-FSDU-CFT-12F,44,900,704
,,,,,fjhh6ur0fb,SER-FSDU-CFT-24F,44,1680,704
,,,,,fjhh37qcnj,SER-FSDU-CFT-48F,44,0,704
37A-0-DEL-11084,37A-0,DEL 1 Year Fix,DEL,,fjhgrl5pu6,SER-FSDU-CFT-6F,100,2380,800
,,,,,fjhg8a8rqc,SER-FSDU-CFT-12F,100,2575,800
,,,,,fjhg19cv83,SER-FSDU-CFT-24F,100,1905,800
,,,,,fjhgh9sigv,SER-FSDU-CFT-48F,100,0,800
33T-1-DEL-11083,33T-1,DEL 1 Year Fix,DEL,,fjhg883aaa,SER-FSDU-CFT-6F,10,0,80
,,,,,fjhgg7pc0s,SER-FSDU-CFT-12F,10,0,80
,,,,,fjhgm244s8,SER-FSDU-CFT-24F,10,0,80
,,,,,fjhgbhud45,SER-FSDU-CFT-48F,10,0,80
33T-0-DEL-11082,33T-0,DEL 1 Year Fix,DEL,,fjhg1n941m,SER-FSDU-CFT-6F,110,4100,880
,,,,,fjhgcmd89f,SER-FSDU-CFT-12F,110,4300,880
,,,,,fjhg7k8kei,SER-FSDU-CFT-24F,110,5100,880
,,,,,fjhgbt5vp9,SER-FSDU-CFT-48F,110,0,880
32W-0-DEL-11081,32W-0,DEL 1 Year Fix,DEL,,fjhgsc7hfr,SER-FSDU-CFT-6F,112,2364,896
,,,,,fjhgl7uuqh,SER-FSDU-CFT-12F,112,2570,896
,,,,,fjhgkmpihb,SER-FSDU-CFT-24F,112,1165,896
,,,,,fjhgii0t6l,SER-FSDU-CFT-48F,112,2454,896
32D-0-DEL-11080,32D-0,DEL 1 Year Fix,DEL,,fjhg5a7qen,SER-FSDU-CFT-6F,110,6580,1000
,,,,,fjhgp42l5h,SER-FSDU-CFT-12F,110,3070,1000
,,,,,fjhggjbdtq,SER-FSDU-CFT-24F,110,1850,1000
,,,,,fjhgjup8ij,SER-FSDU-CFT-48F,110,0,1000
31V-0-DEL-11079,31V-0,DEL 1 Year Fix,DEL,,fjhguosbgc,SER-FSDU-CFT-6F,68,2085,824
,,,,,fjhgtbf011,SER-FSDU-CFT-12F,68,1050,824
,,,,,fjhgtah6qh,SER-FSDU-CFT-24F,68,590,824
,,,,,fjhgn4cf10,SER-FSDU-CFT-48F,68,408,824
31D-0-DEL-11078,31D-0,DEL 1 Year Fix,DEL,,fjhgkod765,SER-FSDU-CFT-6F,66,5660,528
,,,,,fjhgpseruf,SER-FSDU-CFT-12F,66,6090,528
,,,,,fjhgsvpk7n,SER-FSDU-CFT-24F,66,4260,528
,,,,,fjhg2mfsp8,SER-FSDU-CFT-48F,66,0,528
2XP-0-DEL-11077,2XP-0,DEL 1 Year Fix,DEL,,fjhgkcf75h,SER-FSDU-CFT-6F,105,2000,1672
,,,,,fjhga0lpgu,SER-FSDU-CFT-12F,105,1700,1672
,,,,,fjhg8346oe,SER-FSDU-CFT-24F,105,1200,1672
,,,,,fjhgk1knkq,SER-FSDU-CFT-48F,105,120,1672
2N3-0-DEL-11076,2N3-0,DEL 1 Year Fix,DEL,,fjhfr69sf8,SER-FSDU-CFT-6F,94,2365,896
,,,,,fjhfml0pk9,SER-FSDU-CFT-12F,94,3025,896
,,,,,fjhftdl78l,SER-FSDU-CFT-24F,94,2740,896
,,,,,fjhf34oft6,SER-FSDU-CFT-48F,94,1045,896
2N1-0-DEL-11075,2N1-0,DEL 1 Year Fix,DEL,,fjhf9rrc99,SER-FSDU-CFT-6F,202,2910,1616
,,,,,fjhfpuf2q3,SER-FSDU-CFT-12F,202,3612,1616
,,,,,fjhf40dhpc,SER-FSDU-CFT-24F,202,5832,1616
,,,,,fjhf34jig7,SER-FSDU-CFT-48F,202,3283,1616
2MQ-0-DEL-11074,2MQ-0,DEL 1 Year Fix,DEL,,fjhfk5vugn,SER-FSDU-CFT-6F,219,1898,1752
,,,,,fjhfdr69h0,SER-FSDU-CFT-12F,219,2881,1752
,,,,,fjhfk7hmn3,SER-FSDU-CFT-24F,219,1376,1752
,,,,,fjhf06rc5i,SER-FSDU-CFT-48F,219,640,1752
2F9-0-DEL-11073,2F9-0,DEL 1 Year Fix,DEL,,fjhfdk0r7g,SER-FSDU-CFT-6F,147,5434,1176
,,,,,fjhfjd2i1i,SER-FSDU-CFT-12F,147,3455,1176
,,,,,fjhf1c4f6h,SER-FSDU-CFT-24F,147,306,1176
,,,,,fjhf2on6s3,SER-FSDU-CFT-48F,147,180,1176
2F2-0-DEL-11072,2F2-0,DEL 1 Year Fix,DEL,,fjhfs8jovt,SER-FSDU-CFT-6F,218,13000,3488
,,,,,fjhfk66l4c,SER-FSDU-CFT-12F,218,5538,3488
,,,,,fjhfvgk72g,SER-FSDU-CFT-24F,218,2600,3488
,,,,,fjhf2vojdj,SER-FSDU-CFT-48F,218,567,3488
2DL-0-DEL-11071,2DL-0,DEL 1 Year Fix,DEL,,fjhfmr7h7o,SER-FSDU-CFT-6F,72,1542,736
,,,,,fjhfmmmndl,SER-FSDU-CFT-12F,72,1016,736
,,,,,fjhfjsd0dc,SER-FSDU-CFT-24F,72,70,736
,,,,,fjhft5l1es,SER-FSDU-CFT-48F,72,382,736
29C-0-DEL-11070,29C-0,DEL 1 Year Fix,DEL,,fjhfqdt2oi,SER-FSDU-CFT-6F,269,0,2480
,,,,,fjhfuie9u8,SER-FSDU-CFT-12F,269,1252,2480
,,,,,fjhfqi7rji,SER-FSDU-CFT-24F,269,15337,2480
,,,,,fjhfq0tch0,SER-FSDU-CFT-48F,269,180,2480
29B-0-DEL-11069,29B-0,DEL 1 Year Fix,DEL,,fjhfit2p2q,SER-FSDU-CFT-6F,102,3292,1632
,,,,,fjhf6hbvk1,SER-FSDU-CFT-12F,102,3688,1632
,,,,,fjhfi11psm,SER-FSDU-CFT-24F,102,950,1632
,,,,,fjhftiqu7o,SER-FSDU-CFT-48F,102,613,1632
27C-0-DEL-11068,27C-0,DEL 1 Year Fix,DEL,,fjhfbl6s1i,SER-FSDU-CFT-6F,256,10647,2048
,,,,,fjhfhrk7pj,SER-FSDU-CFT-12F,256,6157,2048
,,,,,fjhftdakvh,SER-FSDU-CFT-24F,256,2869,2048
,,,,,fjhfn10m6t,SER-FSDU-CFT-48F,256,0,2048
25Z-0-DEL-11067,25Z-0,DEL 1 Year Fix,DEL,,fjhetstco6,SER-FSDU-CFT-6F,193,6126,1544
,,,,,fjhe949m5n,SER-FSDU-CFT-12F,193,2703,1544
,,,,,fjheinp8i3,SER-FSDU-CFT-24F,193,2346,1544
,,,,,fjhe3cp5bg,SER-FSDU-CFT-48F,193,0,1544
20I-0-DEL-11066,20I-0,DEL 1 Year Fix,DEL,,fjhe5gf8ou,SER-FSDU-CFT-6F,59,3554,472
,,,,,fjhep6kuhp,SER-FSDU-CFT-12F,59,3506,472
,,,,,fjheohe8bb,SER-FSDU-CFT-24F,59,3506,472
,,,,,fjheap6lg5,SER-FSDU-CFT-48F,59,0,472
0FS-0-DEL-11065,0FS-0,DEL 1 Year Fix,DEL,,fjhel79mi4,SER-FSDU-CFT-6F,122,6500,1952
,,,,,fjhe7comgt,SER-FSDU-CFT-12F,122,2100,1952
,,,,,fjhe1imtmi,SER-FSDU-CFT-24F,122,3000,1952
,,,,,fjheh4vhiq,SER-FSDU-CFT-48F,122,600,1952
0D3-0-DEL-11064,0D3-0,DEL 1 Year Fix,DEL,,fjhe9b7rqm,SER-FSDU-CFT-6F,134,3132,2144
,,,,,fjheclhk8j,SER-FSDU-CFT-12F,134,3040,2144
,,,,,fjhegec0sr,SER-FSDU-CFT-24F,134,756,2144
,,,,,fjhesfqjg9,SER-FSDU-CFT-48F,134,810,2144
"IPS,1WB,SHT-0-M&G-11063","IPS,1WB,SHT-0",M&G 1 Year Fix,M&G,,9pf3glmpom,SER-FSDU-CFT-6F,262,0,4000
,,,,,9pf3q9sfq5,SER-FSDU-CFT-12F,262,0,4000
,,,,,9pf3eim5od,SER-FSDU-CFT-24F,262,150000,4000
,,,,,9pf3o9cdgd,SER-FSDU-CFT-48F,262,0,4000
S8P-0-M&G-11062,S8P-0,M&G 1 Year Fix,M&G,,9pf3phv2ka,SER-FSDU-CFT-6F,147,0,2462
,,,,,9pf35uiero,SER-FSDU-CFT-12F,147,0,2462
,,,,,9pf3k8cjkb,SER-FSDU-CFT-24F,147,0,2462
,,,,,9pf3ms55gp,SER-FSDU-CFT-48F,147,0,2462
S8O-0-M&G-11061,S8O-0,M&G 1 Year Fix,M&G,,9pf3su4643,SER-FSDU-CFT-6F,182,0,3037
,,,,,9pf36d9o1i,SER-FSDU-CFT-12F,182,0,3037
,,,,,9pf3e9cgs6,SER-FSDU-CFT-24F,182,0,3037
,,,,,9pf3jhc3gq,SER-FSDU-CFT-48F,182,0,3037
S6J-0-M&G-11060,S6J-0,M&G 1 Year Fix,M&G,,9pf3gioufl,SER-FSDU-CFT-6F,136,0,1604
,,,,,9pf3sgslbq,SER-FSDU-CFT-12F,136,0,1604
,,,,,9pf3js7hvs,SER-FSDU-CFT-24F,136,0,1604
,,,,,9pf3ndm743,SER-FSDU-CFT-48F,136,0,1604
M0T-0-M&G-11059,M0T-0,M&G 1 Year Fix,M&G,,9pf2l6kiaq,SER-FSDU-CFT-6F,49,0,824
,,,,,9pf2q595m2,SER-FSDU-CFT-12F,49,0,824
,,,,,9pf2e9kcpg,SER-FSDU-CFT-24F,49,0,824
,,,,,9pf2jsiobo,SER-FSDU-CFT-48F,49,0,824
K0E-0-M&G-11058,K0E-0,M&G 1 Year Fix,M&G,,9pf2k4hfqj,SER-FSDU-CFT-6F,168,0,2508
,,,,,9pf2p6hchd,SER-FSDU-CFT-12F,168,0,2508
,,,,,9pf2asm9p3,SER-FSDU-CFT-24F,168,150000,2508
,,,,,9pf2qe2ctl,SER-FSDU-CFT-48F,168,0,2508
04O-0-M&G-11057,04O-0,M&G 1 Year Fix,M&G,,9pf2mdr8ip,SER-FSDU-CFT-6F,142,0,2094
,,,,,9pf24v1udj,SER-FSDU-CFT-12F,142,0,2094
,,,,,9pf27rrncp,SER-FSDU-CFT-24F,142,0,2094
,,,,,9pf2602am3,SER-FSDU-CFT-48F,142,0,2094
K38-0-KOL-11049,K38-0,KOL 1 Year Fix,KOL,,0k6ls1l0ka,SER-FSDU-CFT-6F,97,206652,1552
,,,,,akmffkv4cl,SER-FSDU-CFT-12F,97,128063,1552
,,,,,akmfcjamvg,SER-FSDU-CFT-24F,97,40342,1552
,,,,,akmfdl83sh,SER-FSDU-CFT-48F,97,0,1552
HN8-0-KOL-11048,HN8-0,KOL 1 Year Fix,KOL,,d7s97ee00u,SER-FSDU-CFT-6F,93,0,1912
,,,,,d7s92if2ue,SER-FSDU-CFT-12F,93,15020,1912
,,,,,d7s96hepvq,SER-FSDU-CFT-24F,93,0,1912
,,,,,d7s9je7m2o,SER-FSDU-CFT-48F,93,0,1912
BG0-0-KOL-11047,BG0-0,KOL 1 Year Fix,KOL,,512g649ig6,SER-FSDU-CFT-6F,75,206652,1200
,,,,,512gr3815c,SER-FSDU-CFT-12F,75,128063,1200
,,,,,512gpe0u5m,SER-FSDU-CFT-24F,75,40342,1200
,,,,,512gchpbgr,SER-FSDU-CFT-48F,75,0,1200
0B7-0-KOL-11046,0B7-0,KOL 1 Year Fix,KOL,,5a7bij10ef,SER-FSDU-CFT-6F,218,5819,3448
,,,,,5a7bogno6l,SER-FSDU-CFT-12F,218,3417,3448
,,,,,5a7br8tpit,SER-FSDU-CFT-24F,218,1002,3448
,,,,,5a7b2mq8qp,SER-FSDU-CFT-48F,218,0,3448
KRC-0-KOL-11044,KRC-0,KOL 1 Year Fix,KOL,,3omu73eo4g,SER-FSDU-CFT-6F,162,206652,2592
,,,,,3omur94330,SER-FSDU-CFT-12F,162,128063,2592
,,,,,3omu3atig1,SER-FSDU-CFT-24F,162,40342,2592
,,,,,3omukqo6tu,SER-FSDU-CFT-48F,162,0,2592
1JL-0-KOL-11043,1JL-0,KOL 1 Year Fix,KOL,,1l7dplgnok,SER-FSDU-CFT-6F,29,12240,464
,,,,,1l7dnr09vd,SER-FSDU-CFT-12F,29,5204,464
,,,,,1l7dv0kbft,SER-FSDU-CFT-24F,29,1336,464
,,,,,1l7d7umtrl,SER-FSDU-CFT-48F,29,0,464
